PMID,Title,Authors,Journal,Year,Journal_Year,Abstract
35083858,Cognitive and functional progression and short-term prognosis of Alzheimer's disease in Singapore.,Vanessa Hui En Chen; Simon Kang-Seng Ting,Singapore medical journal,2022,2025,No abstract available
35777535,Androgens Regulate Tau Phosphorylation Through Phosphatidylinositol 3-Kinase-Protein Kinase B-Glycogen Synthase Kinase 3β Signaling.,Mingzhong Yao; Emily R Rosario; Jenna Carroll Soper; Christian J Pike,Neuroscience,2022,2025,"Age-related testosterone depletion in men is a risk factor for Alzheimer's disease (AD). How testosterone modulates AD risk remains to be fully elucidated, although regulation of tau phosphorylation has been suggested as a contributing protective action. To investigate the relationship between testosterone and tau phosphorylation, we first evaluated the effect of androgen status on tau phosphorylation in 3xTg-AD mice. Depletion of endogenous androgens via gonadectomy resulted in increased tau phosphorylation that was prevented by acute testosterone treatment. Parallel alterations in the phosphorylation of both glycogen synthase kinase 3β (GSK3β) and protein kinase B (Akt) suggest possible components of the underlying signaling pathway. To further explore mechanism, primary cultured neurons were treated with a physiological concentration of testosterone or its active metabolite dihydrotestosterone (DHT). Results showed that testosterone and DHT induced significant decreases in phosphorylated tau and significant increases in phosphorylation of Akt and GSK3β. Pharmacological inhibition of phosphatidylinositol 3-kinase (PI3K) effectively inhibited androgen-induced increases in Akt and GSK3β phosphorylation, and decreases in tau phosphorylation. In addition, androgen receptor (AR) knock-down by small interfering RNA prevented androgen-induced changes in the phosphorylation of Akt, GSK3β and tau, suggesting an AR-dependent mechanism. Additional experiments demonstrated androgen-induced changes in Akt, GSK3β and tau phosphorylation in AR-expressing PC12 cells but not in AR-negative PC12 cells. Together, these results suggest an AR-dependent pathway involving PI3K-Akt-GSK3β signaling through which androgens can reduce tau phosphorylation. These findings identify an additional protective mechanism of androgens that can improve neural health and inhibit development of AD."
40046004,Assessing the role of vascular risk factors in dementia: Mendelian randomization meta-analysis and comparison with observational estimates.,Liam Lee; Rosie Walker; William Whiteley,F1000Research,2022,2022,"Although observational studies demonstrate that higher levels of vascular risk factors are associated with an increased risk of dementia, these associations might be explained by confounding or other biases. Mendelian randomization (MR) uses genetic instruments to test causal relationships in observational data. We sought to determine if genetically predicted modifiable risk factors (type 2 diabetes mellitus, low density lipoprotein cholesterol, high density lipoprotein cholesterol, total cholesterol, triglycerides, systolic blood pressure, diastolic blood pressure, body mass index, and circulating glucose) are associated with dementia by meta-analysing published MR studies. Secondary objectives were to identify heterogeneity in effect estimates across primary MR studies and to compare meta-analysis results with observational studies. MR studies were identified by systematic search of Web of Science, OVID and Scopus. We selected primary MR studies investigating the modifiable risk factors of interest. Only one study from each cohort per risk factor was included. A quality assessment tool was developed to primarily assess the three assumptions of MR for each MR study. Data were extracted on study characteristics, exposure and outcome, effect estimates per unit increase, and measures of variation. Effect estimates were pooled to generate an overall estimate, I <sup>2</sup> and Cochrane Q values using fixed-effect model. We screened 5211 studies and included 12 primary MR studies after applying inclusion and exclusion criteria. Higher genetically predicted body mass index was associated with a higher odds of dementia (OR 1.03 [1.01, 1.05] per 5 kg/m <sup>2</sup> increase, one study, p=0.00285). Fewer hypothesized vascular risk factors were supported by estimates from MR studies than estimates from meta-analyses of observational studies. Genetically predicted body mass index was associated with an increase in risk of dementia."
36583247,Clinical value of the Montreal Cognitive Assessment free recall condition alone versus cued recall and recognition conditions to detect true memory impairment.,Liselotte De Wit; Felicia C Goldstein; David W Loring,Applied neuropsychology. Adult,2022,2025,"The Montreal Cognitive Assessment (MoCA) is widely used as a screener to characterize cognition. Although only the delayed free recall condition is required for administration, performance on the optional cued recall and multiple-choice recognition conditions may improve diagnostic accuracy over free recall alone. Data on 719 individuals with MCI and 601 controls were obtained from the Alzheimer's Disease Neuroimaging Initiative (ADNI) database. The Rey Auditory Verbal Learning Test (AVLT) delayed free recall condition was used as the gold standard of memory status. Participants with <i>T</i>-scores ≤30 (≤2 <i>SD</i>s below the mean) were classified as memory ""impaired."" Binary logistic regressions assessed if combined MoCA cued recall/recognition predicted impaired delayed recall on the AVLT beyond the contribution of MoCA free recall. Results showed that MoCA free recall predicted AVLT delayed recall, and that the addition of combined MoCA cued recall/recognition improved the ability to detect impaired AVLT recall, with a better overall model fit. The combined MoCA cued recall/recognition score also had higher specificity and likelihood ratios in detecting memory impairment than MoCA free recall, while higher sensitivity values were present for free recall. Thus, the additional administration of the MoCA cued recall and recognition is recommended."
36272532,Barcelona scale for buccophonatory apraxia: Quantitative assessment tool.,N Montagut; S Borrego-Écija; J Herrero; A Lladó; M Balasa; E Muñoz; F Valldeoriola; R Sánchez-Valle,Neurologia,2022,2025,"Currently there is no tool to quantify buccophonatory apraxia to stratify, compare and monitor patients longitudinally in an objective manner. Our aim in this study is to create a quantitative scale for buccophonatory apraxia and evaluate it in patients with the non-fluent/grammatical variant of primary progressive aphasia (nfvPPA) and other neurodegenerative diseases that occur with speech and/or language problems. The scale was designed based on useful elements in the assessment of buccophonatory apraxia and the total was quantified in seconds. The scale was administered to 64 participants with diagnoses of: nfvPPA, semantic variant of primary progressive aphasia (svPPA), logopenic variant of primary progressive aphasia (lvPPA), Huntington's disease, Parkinson's disease, as well as a group of healthy controls. Patients showed a significantly higher score compared to controls. The nfvPPA group had the highest mean score on the scale (429 seconds ± 278). The scale was useful to differentiate vnfPPA from svPPA and Parkinson's disease (area under curve [AUC] of 0.956 and 0.989, respectively), but less to differentiate it from Huntington's disease (AUC = 0.67) and lvPPA. There was a statistically significant relationship between total score and disease severity in nfvPPA (P < .029). The Barcelona scale for buccophonatory apraxia could be useful to quantitatively evaluate buccophonatory apraxia in different neurodegenerative diseases, and compare patients, especially in nfvPPA."
36150998,A Study on Voice Measures in Patients With Alzheimer's Disease.,Noé Xiu; Béatrice Vaxelaire; Lanlan Li; Zhenhua Ling; Xiaoya Xu; Linming Huang; Bo Sun; Lin Huang; Rudolph Sock,Journal of voice : official journal of the Voice Foundation,2022,2025,"As Alzheimer's disease (AD) might provoke certain nerve disorders, patients with AD can acquire sensorimotor adaptation problems, and thus the acoustic characteristics of the speech they produce may differ from those of healthy subjects. This study aimed to (1) extract acoustic characteristics (relating to articulatory gestures) potentially useful for detecting AD and (2) examine whether these characteristics could help identify AD patients. A total of 50 individuals participated in the study, including the AD group (17 cases), the Neurologically Healthy (NH) group (13 cases), the Mild Cognitive Impairment (MCI) group (11 cases), and the Vascular Cognitive Impairment (VCI) group (9 cases). Voice samples involving three vowels (/i/, /a/, and /u/) and six consonants (/p/, /pʰ/, /t/, /tʰ/, /k/, and /kʰ/) were collected using a digital recorder (TASCAM DR40X). Microphone-to-mouth distance was maintained at 30 cm. Acoustic measures included F0, jitter, shimmer, HNR, F1, F2, F3, and VOT. One-way ANOVA tests were carried out to compare the acoustic measures among the four groups. F3 of vowel /u/, F2 bandwidth of vowel /a/, VOT of consonant /t/, and male participants' F0 of three vowels (/a/, /i/, and /u/) were found significantly different, while no significant differences were found in the other measures. Some acoustic characteristics can indeed help detect AD patients."
35347731,Mass spectrometric studies of the variety of beta-amyloid proteoforms in Alzheimer's disease.,Natalia V Zakharova; Alexey S Kononikhin; Maria I Indeykina; Anna E Bugrova; Polina Strelnikova; Stanislav Pekov; Sergey A Kozin; Igor A Popov; Vladimir Mitkevich; Alexander A Makarov; Evgeny N Nikolaev,Mass spectrometry reviews,2022,2025,"This review covers the results of the application of mass spectrometric (MS) techniques to study the diversity of beta-amyloid (Aβ) peptides in human samples. Since Aβ is an important hallmark of Alzheimer's disease (AD), which is a socially significant neurodegenerative disorder of the elderly worldwide, analysis of its endogenous variations is of particular importance for elucidating the pathogenesis of AD, predicting increased risks of the disease onset, and developing effective therapy. MS approaches have no alternative for the study of complex samples, including a wide variety of Aβ proteoforms, differing in length and modifications. Approaches based on matrix-assisted laser desorption/ionization time-of-flight and liquid chromatography with electrospray ionization tandem MS are most common in Aβ studies. However, Aβ forms with isomerized and/or racemized Asp and Ser residues require the use of special methods for separation and extra sensitive and selective methods for detection. Overall, this review summarizes current knowledge of Aβ species found in human brain, cerebrospinal fluid, and blood plasma; focuses on application of different MS approaches for Aβ studies; and considers the potential of MS techniques for further studies of Aβ-peptides."
36208039,Neuroprotective role of coconut oil for the prevention and treatment of Parkinson's disease: potential mechanisms of action.,Deepika N P; Mohammed Shameer Kondengadan; Sherouk Hussein Sweilam; Md Habibur Rahman; K M Muhasina; Puja Ghosh; Divya Bhargavi; Divya Jyothi Palati; Fathi Maiz; B Duraiswamy,Biotechnology & genetic engineering reviews,2022,2024,"Neurodegenerative disease (ND) is a clinical condition in which neurons degenerate with a consequent loss of functions in the affected brain region. Parkinson's disease (PD) is the second most progressive ND after Alzheimer's disease (AD), which affects the motor system and is characterized by the loss of dopaminergic neurons from the nigrostriatal pathway in the midbrain, leading to bradykinesia, rigidity, resting tremor, postural instability and non-motor symptoms such as cognitive declines, psychiatric disturbances, autonomic failures, sleep difficulties, and pain syndrome. Coconut oil (CO) is an edible oil obtained from the meat of <i>Cocos nucifera</i> fruit that belongs to the palm family and contains 92% saturated fatty acids. CO has been shown to mediate oxidative stress, neuroinflammation, mitochondrial dysfunction, apoptosis and excitotoxicity-induced effects in PD in various <i>in vitro</i> and <i>in vivo</i> models as a multi-target bioagent. CO intake through diet has also been linked to a decreased incidence of PD in people. During digestion, CO is broken down into smaller molecules, like ketone bodies (KBs). The KBs then penetrate the blood-brain barrier (BBB) and are used as a source of energy its ability to cross BBB made this an important class of natural remedies for the treatment of ND. The current review describes the probable neuroprotective potential pathways of CO in PD, either prophylactic or therapeutic. In addition, we briefly addressed the important pathogenic pathways that might be considered to investigate the possible use of CO in neurodegeneration such as AD and PD."
35243895,The Role of AMP-activated Protein Kinase in Oxytosis/Ferroptosis: Protector or Potentiator?,Antonio Currais; Devin Kepchia; Zhibin Liang; Pamela Maher,Antioxidants & redox signaling,2022,2024,"<b><i>Significance:</i></b> Evidence for a role for the oxytosis/ferroptosis regulated cell death pathway in aging and neurodegenerative diseases has been growing over the past few years. Because of this, there is an increasing necessity to identify endogenous signaling pathways that can be modulated to protect cells from this form of cell death. <b><i>Recent Advances:</i></b> Recently, several studies have identified a protective role for the AMP-activated protein kinase (AMPK)/acetyl CoA carboxylase 1 (ACC1) pathway in oxytosis/ferroptosis. However, there are also a number of studies suggesting that this pathway contributes to cell death initiated by various inducers of oxytosis/ferroptosis. <b><i>Critical Issues:</i></b> The goals of this review are to provide an overview and analysis of the published studies and highlight specific areas where more research is needed. <b><i>Future Directions:</i></b> Much remains to be learned about AMPK signaling in oxytosis/ferroptosis, especially the conditions where it is protective. Furthermore, the role of AMPK signaling in the brain and especially the aging brain needs further investigation."
36332080,Validity and reliability of the Turkish version of the ALBA screening instrument for Lewy body dementia in older adults.,Derya Kaya; Besra Hazal Yesil Gurel; Burcu Akpinar Soylemez; Fatma Sena Dost; Ozge Dokuzlar; Feyza Mutlay; Esra Ates Bulut; Kadriye Petek; Angel Bernardo Golimstok; Ahmet Turan Isik,Applied neuropsychology. Adult,2022,2024,"ALBA screening instrument (ASI) has been demonstrated to be an effective, cheap, and noninvasive clinical instrument to screen for Lewy body dementia (LBD). We aimed to determine the validity and reliability of the Turkish version of ASI (ASI-T) in patients with LBD and to investigate the discriminative power of the test in patients with Alzheimer's Disease (AD), LBD, and cognitively healthy older adults (controls). 172 older adults over 60 years of age (43 with LBD, 41 AD, and 88 controls) were included. The sensitivity and specificity of the instrument were determined. A significant difference was found in ASI-T total score between people with LBD versus the controls (t=-9.259; <i>p</i> < 0.001), and versus patients with AD (<i>t</i> = 3.490; <i>p</i> = 0.001). Internal consistency of the ASI-T was good(Cronbach's alpha = 0.81). The cutoff score of 7 showed sensitivity (86%) and specificity (81%) (AUC= 0.888,CI0.95, <i>p</i> < 0.001) compared to controls. Also, compared to AD, it showed sensitivity (86%) and specificity(70%) (AUC = 0.590,CI .95, <i>p</i> < 0.001). Moreover, ASI-T demonstrated a significant concurrent validity with MMSE (<i>r</i> = -0.62; <i>p</i> < 0.001) and MoCA (<i>r</i> = -0.54; <i>p</i> = 0.003). In factor analysis, the five subscales accounted for 60% of the total variance. Our findings suggested that the ASI-T is a reliable, valid, and effective instrument for screening LBD. With acceptable psychometric properties, it has the power to distinguish patients with LBD from controls or those with AD."
36264763,Forgetting rate for the familiarity and recollection components of recognition in amnestic mild cognitive impairment: A longitudinal study.,Maria Stefania De Simone; Maria Giovanna Lombardi; Massimo De Tollis; Roberta Perri; Lucia Fadda; Carlo Caltagirone; Giovanni Augusto Carlesimo,Applied neuropsychology. Adult,2022,2024,"Here we aimed to investigate the rate of forgetting of the familiarity and recollection components of recognition in patients at the onset of medial temporal lobe (MTL) pathology and destined to convert to Alzheimer's disease (AD). For this purpose, we conducted a longitudinal study of 13 patients who were diagnosed with amnestic mild cognitive impairment (a-MCI) at the first assessment and followed-up for 3 years. During this time, five patients converted to AD and eight remained in a stable condition of cognitive impairment. A group of 15 healthy subjects were enrolled as the control group (HC). In order to separately quantify the contribution of recollection and familiarity to recognition memory performance, the experimental sample was submitted to a modified version of Huppert and Piercy's procedure that included a Remember/Know paradigm. Data demonstrated that both stable and converter a-MCI patients forgot memory traces relative to the familiarity components of recognition at the same rate as HC. Conversely, converter a-MCI patients showed accelerated long-term forgetting specifically for the recollection component of recognition compared to stable a-MCI and HC. This is the first empirical demonstration that familiarity and recollection components of declarative memory are subject to different rates of forgetting in a-MCI patients as a function of their longitudinal clinical outcome. Our finding of accelerated long-term forgetting of the recollection component of recognition disclosed by converter a-MCI patients suggests that atrophy in the MTL not only interferes with the storage aspects but also disrupts the consolidation of memory traces."
36121098,"The Bender Gestalt Test is useful for clinically diagnosing dementia with Lewy bodies: Analysis of its sensitivity, specificity, and clinical characteristics of the figure copy.",Norio Murayama; Kazumi Ota; Eizo Iseki,Applied neuropsychology. Adult,2022,2024,"A previous study that evaluated the ability of the Bender Gestalt Test (BGT) to discriminate between dementia with Lewy bodies (DLB) and Alzheimer's disease (AD) suggested that a total score of 98 is the optimal cutoff value for discriminating between these two diseases and that DLB tends to exhibit unique errors; i.e., ""element deformation"" and ""gestalt destruction."" The objectives of the present study were: (1) to examine the sensitivity and specificity of a total BGT score of 98 as a cutoff value in greater numbers of DLB patients than in the previous study, (2) to set a new cutoff value if a cutoff value of 98 is not optimal, and (3) to clarify the frequency of element deformation and gestalt destruction in DLB patients. The participants were 133 DLB patients, 65 AD patients, and 30 cognitively normal elderly people. All of the participants underwent the Mini-Mental State Examination, BGT, and brain magnetic resonance imaging. As a result, the total BGT score cutoff value of 98 showed low sensitivity (0.58), and a cutoff value of 84 was indicated to be the optimal cutoff value for discriminating between DLB and AD. In addition, 32 out of 133 DLB patients and one out of 65 AD patients exhibited element deformation or gestalt destruction. This study suggested that the BGT is a useful neuropsychological test for differentiating DLB from AD. In addition, the need to evaluate the spatial and perceptual difficulties of DLB patients with various types of visual stimulation is also discussed."
36089915,"The Moroccan MoCA test: Translation, cultural adaptation, and validation.",Noumidia Khatib; Ibtissam El Harch; Abdelaziz Lamkaddem; Lahcen Omari; Nourdine Attiya; Younes Filali-Zegzouti; Samira El Fakir; Abdelkrim Janati Idrissi; Zouhayr Souirti,Applied neuropsychology. Adult,2022,2024,"Dementia includes all the symptoms associated with declining mental and cognitive skills, resulting in an inability to perform daily activities. We aimed to translate and adapt the Montréal Cognitive Assessment (MoCA) test into the Moroccan cultural context. We compared the sensitivity and specificity between MoCA and Mini-Mental State of Folstein (MMS) in the screening of dementia. The participants in this study were residents in the Fez-Meknes region and over 50 years old. We performed translation and adaptation of the English MoCA 8.1 version into all Moroccan languages: Darija, Tamazight in its three variants (Tachelhit, Tarifit, Atlas Tamazight), and Arabic. We validated Moroccan MoCA according to the Beaton et al. instructions. The sensitivity, specificity, and alpha Cronbach of the MoCA test were 88.5, 93.8%, and 0.87, while they were 90.2, 90.8%, and 0.79 for the MMS test. The Moroccan MoCA test had high sensitivity, specificity, and internal reliability compared to the MMS test. The availability of the MoCA in the Moroccan language will be helpful in the screening of dementia and research studies in Morocco and other countries."
35984776,Source recognition discriminability impairment in Huntington's versus Alzheimer's disease: Evidence from the CVLT-3.,Lisa V Graves; Emma G Churchill; McKenna E Williams; Emily J Van Etten; Mark W Bondi; David P Salmon; Jody Corey-Bloom; Dean C Delis; Paul E Gilbert,Applied neuropsychology. Adult,2022,2024,"Research suggests that individuals with Huntington's disease (HD) perform better than individuals with Alzheimer's disease (AD) on the California Verbal Learning Test (CVLT) Yes/No Recognition trial. However, those with HD have been shown to have deficits comparable to those with AD on the Source Recognition Discriminability (RD) index (which assesses the ability to distinguish between List A targets and List B distractors), suggesting that HD may involve selective impairment in aspects of yes/no recognition that rely on source memory. However, whether individuals with HD and AD show comparable deficits on Source RD across stages of dementia severity has not been adequately investigated. We examined performance on the CVLT-3 List A vs. List B RD index in individuals with HD or AD and mild or moderate dementia. Among individuals with mild dementia, scores were higher in the HD versus AD group, whereas among individuals with moderate dementia, scores were comparable between the HD and AD groups; this corresponded to differential performance across dementia stages among individuals with HD, but not AD. The present findings suggest that, relative to AD, HD may be associated with disproportionate decline in aspects of yes/no recognition that rely on source memory."
35961506,The CORCOBIA study: Cut-off points of Alzheimer's disease CSF biomarkers in a clinical cohort.,A Puig-Pijoan; G García-Escobar; A Fernández-Lebrero; R M Manero-Borràs; G Sánchez-Benavides; I Navalpotro-Gómez; D Cascales Lahoz; M Suárez-Calvet; O Grau-Rivera; A Boltes Alandí; M C Pont-Sunyer; J Ortiz-Gil; S Carrillo-Molina; D López-Villegas; M T Abellán-Vidal; M I Martínez-Casamitjana; J J Hernández-Sánchez; J Peña-Casanova; J Roquer; A Padrós Fluvià; V Puente-Périz,Neurologia,2022,2024,"The analysis of the core biomarkers of Alzheimer's Disease (AD) in the cerebrospinal fluid (CSF) is recommended in the clinical units where it is available. Because of the absence of universal validated values, the determination of specific cut-off points for each center and its population is recommended. The main objective of the CORCOBIA study was to determine the cut-off points of core AD CSF biomarkers for several centers (Parc de Salut Mar, Barcelona and Hospital General de Granollers), which work with the same reference laboratory (Laboratori de Referència de Catalunya). Prospective study including cognitively unimpaired individuals (CU, n = 42), subjects with amnestic mild cognitive impairment (aMCI, n = 35) and patients with dementia due to Alzheimer's Disease (AD, n = 48), in whom clinical and neuropsychological assessment, neuroimaging, APOE genotyping and lumbar puncture to analyse amyloid beta peptides (Aβ42, Aβ40), total tau (tTau) and phosphorylated Tau (pTau181) using the Lumipulse G600II (Fujirebio) was performed. The values of sensitivity (SE), specificity (SP), predictive values and area under the curve (AUC) were calculated, determining the cut-off point according to the Youden index by comparing the CU and AD groups. The resulting cut-offs and their AUC were the following: Aβ42 750 pg/mL (AUC 0.809); Aβ42/Aβ40 0.062 (AUC 0.78); pTau181 69.85 pg/mL (AUC 0.81); tTau 522.0 pg/mL (AUC 0.79); Aβ42/tTau 1.76 (AUC 0.86); Aβ42/pTau181 10.25 (AUC 0.86). The determination of cut-off points of core AD CSF biomarkers for the participating centers allows a better diagnostic accuracy. The ratio CSF Aβ42/pTau181 shows the highest AUC and better balance between sensitivity and specificity."
37338307,Hydrogen sulfide signalling in neurodegenerative diseases.,Sunil Jamuna Tripathi; Suwarna Chakraborty; Emiko Miller; Andrew A Pieper; Bindu D Paul,British journal of pharmacology,2023,2026,"The gaseous neurotransmitter hydrogen sulfide (H<sub>2</sub>S) exerts neuroprotective efficacy in the brain via post-translational modification of cysteine residues by sulfhydration, also known as persulfidation. This process is comparable in biological impact to phosphorylation and mediates a variety of signalling events. Unlike conventional neurotransmitters, H<sub>2</sub>S cannot be stored in vesicles due to its gaseous nature. Instead, it is either locally synthesized or released from endogenous stores. Sulfhydration affords both specific and general neuroprotective effects and is critically diminished in several neurodegenerative disorders. Conversely, some forms of neurodegenerative disease are linked to excessive cellular H<sub>2</sub>S. Here, we review the signalling roles of H<sub>2</sub>S across the spectrum of neurodegenerative diseases, including Huntington's disease, Parkinson's disease, Alzheimer's disease, Down syndrome, traumatic brain injury, the ataxias, and amyotrophic lateral sclerosis, as well as neurodegeneration generally associated with ageing. LINKED ARTICLES: This article is part of a themed issue Recent Innovations in Targeting Redox Biology for Therapeutics. To view the other articles in this section visit http://onlinelibrary.wiley.com/doi/10.1111/bph.v183.1/issuetoc."
39104171,Gamma-type immunoglobulin enhances phagocytosis of amyloid-beta fibrils by microglia.,Tian Zhou; Yue Zhong; Shoujun Yu; Ruibing Sun; Zhenwei Zhang; Xiaoyan Du; Simon Ming-Yuen Lee; Zhitong Chen; Weiming Tian; Yuxiao Lai; Bing Song; Yiming Zheng; Zhen Xu,Neural regeneration research,2024,2026,No abstract available
38661359,The Impact of the Apolipoprotein E Genotype on Cardiovascular Disease and Cognitive Disorders.,Matthew W McMaster; Avisha Shah; John Kangarlu; Ryan Cheikhali; William H Frishman; Wilbert S Aronow,Cardiology in review,2024,2026,"Apolipoprotein E (ApoE) plays a critical role in cholesterol transport and protection against the development of atherosclerotic cardiovascular disease (ASCVD). Humans have 3 prevalent isoforms of ApoE: apolipoprotein E2 (ApoE2), apolipoprotein E3 (ApoE3), and apolipoprotein E4 (ApoE4). The E4 allele has been associated with higher ASCVD risk. While E4 patients do have higher cholesterol levels, they do not have enough to account for the substantially elevated ASCVD risk relative to E2 and E3 patients. ASCVD risk calculators would underestimate the true effect of E4 if the difference was caused entirely by a difference in cholesterol level. This article reviews the function of ApoE in atherosclerosis, and how each isoform functions differently. We review what is known about the molecular mechanisms through which ApoE prevents endothelial dysfunction and damage, how ApoE stimulates macrophage efflux of cholesterol from atherogenic lesions, and the ways in which ApoE decreases inflammation throughout atherosclerosis. The impact of ApoE on Alzheimer's disease and a discussion of why it is possibly unrelated to ASCVD prevention are included. Clinical applications to hyperlipidemia management and ASCVD prevention in specific patient populations are discussed."
38697016,Portuguese Caregivers of Persons With Alzheimer's Disease in the Context of the COVID-19 Pandemic: A Qualitative Study of the Grieving Process.,Laura Brito; Ana Cristina Bernardo; Ângela Leite; M Graça Pereira,Omega,2024,2026,"This study addresses the experiences of informal caregivers caring for elderly family members with Alzheimer's disease (AD) during the COVID-19 pandemic. The study includes a sample of eight informal caregivers who were evaluated through a semi-structured interview six months after the death of a loved one they cared for. A thematic content analysis was applied to the interviews and yielded two higher-order domains: (1) Experiencing the AD and the death of a family member and (2) The grieving process during the COVID-19 pandemic. The results provide valuable insights into family caregivers' experiences regarding the profound emotional impact of caregiving and grief during the COVID-19 pandemic. Caregivers maintain their identity even after loss, underscoring the enduring impact of caregiving. The identity as a caregiver impacted coping and grief responses, highlighting the need for tailored interventions."
42272485,Endogenous iron biomineralization in the mouse spleen of metabolic diseases.,Ruowen Guo; Lei Zhang; Dongsheng Song; Biao Yu; Chao Song; Hanxiao Chen; Wenjing Xie; Chuanlin Feng; Guofeng Cheng; Kejun Hu; Jialiang Jiang; Zhe Qu; Haifeng Du; Xin Zhang,Fundamental research,2024,2026,"As the most abundant essential trace element in our human bodies, iron plays essential roles in multiple physiological and pathological conditions, including oxygen transport, cancer, diabetes, Alzheimer's and Parkinson's diseases. Although it has been shown that iron can form particles in some bacteria, migrating birds and fish, whether iron biomineralization can also occur in mammals is still debated. Here we demonstrate that iron metabolism abnormalities in diseased mice can directly lead to endogenous iron biomineralization and particle formation in the spleen. Excessive iron accumulation leads to endogenous particle formation with an averaged size of ∼800 nm. In the spleens of severely diabetic mice, they accumulate in the red pulp region, where the red blood cells are recycled. This directly changes the magnetic property of the spleens and results in spleen damage in a gradient high magnetic field. Therefore, our findings not only demonstrate the existence of endogenous iron biomineralization in metabolic diseases, but also set up a direct link among iron accumulation, magnetic property and magnetic responses of animal organs, which may also be applied in other iron metabolism-related diseases including cancer and Alzheimer's disease."
41920139,Exploring natural phenolic compounds as amyloid-beta fibril inhibitors: computational insights for Alzheimer's disease.,Rakibul Islam; Devendra Kumar Dhaked,Journal of biomolecular structure & dynamics,2024,2026,"Alzheimer's disease (AD) is a progressive neurodegenerative disorder and remains one of the leading causes of death in older age. While there is no direct cure for AD, very few FDA-approved drugs are available for managing the symptoms by targeting traditional targets. Amyloid-beta (Aß) peptides were identified as a crucial target for AD therapy, in recent times, phenolic compounds have shown the potential to inhibit Amyloid-beta peptide. These phenolic compounds destabilize Aß aggregation, but their inhibition mechanisms are not clearly understood. In this study, we thoroughly explored the molecular binding mechanism of >1000 phenolic compounds with the Aß fibrils <i>via</i> extra precision (XP) and induced fit docking (IFD) methods. Additionally, molecular dynamics (MD) simulations of the top 10 druglike phenolic compounds were performed with a simulation time of 500 nanoseconds (ns). Our results showed that two promising compounds, Rhapontigenin and Okanin, exhibited superior binding free energy and stability compared to the reference apigenin. These compounds effectively disrupted the Asp23-Lys28 salt bridge interactions and hydrogen bond patterns in the Aß fibril. Furthermore, both the identified compounds showed significant van der Waal's interaction with the Aß fibril. Our findings align with the previous studies and provide additional insights into inhibitory mechanisms at the molecular level. Additionally, this study incorporates analysis of non-covalent interactions and DFT studies to further elucidate the mechanisms. Nevertheless, it is crucial to emphasize that these results are based on <i>in silico</i> analyses and necessitate further experimental validation through <i>in vitro</i> and <i>in vivo</i> studies to confirm their efficacy."
39672098,Investigating the potential of novel thiazole derivatives in treating Alzheimer's and Parkinson's diseases.,Abd Al Rahman Asfour; Asaf Evrim Evren; Begüm Nurpelin Sağlık Özkan; Leyla Yurttaş,Journal of biomolecular structure & dynamics,2024,2026,"The study aimed to investigate 12 novel thiazole compounds in the treatment of neurodegenerative disorders. The compounds produced were evaluated for their inhibitory efficacy against acetylcholinesterase (AChE), butyrylcholinesterase (BChE), and monoamine oxidases (MAOs). Among the compounds, <b>5d</b>, <b>5e</b>, and <b>5j</b> showed the highest AChE inhibitory activity. The IC<sub>50</sub> values for compounds are 0.223 ± 0.010 µM, 0.092 ± 0.003 µM, and 0.054 ± 0.002 µM, respectively. In addition, molecular docking analyses and molecular dynamic simulation were used to examine the interactions of these compounds with protein sites. The results suggest that thiazole-ring compounds could serve as a promising basis for the development of drugs aimed at treating neurodegenerative diseases (NDD), caused by Parkinson's and Alzheimer's diseases."
39435954,Machine learning-based screening for outpatients with dementia using drawing features from the clock drawing test.,Akira Masuo; Junpei Kubota; Katsuhiko Yokoyama; Kaori Karaki; Hiroyuki Yuasa; Yuki Ito; Jun Takeo; Takuto Sakuma; Shohei Kato,The Clinical neuropsychologist,2024,2026,"<b>Background and Objectives:</b> In geriatrics and dementia care, early diagnosis is crucial. We developed a dementia screening model using drawing features from clock drawing tests (CDT) and investigated the features contributing to the discrimination of dementia and its screening performance. <b>Methods:</b> This study included 129 older adults attending a dementia outpatient clinic. We obtained information on the diagnosis of dementia and CDT data from medical records and quantified 12 types of drawing features according to the Freedman scoring system. Based on the dementia diagnosis information, participants were assigned to two groups: 58 in the dementia diagnosis group and 71 in the non-diagnosis group. Using Boruta, an iterative feature selection algorithm, and a support vector machine, a machine learning method, we analyzed the drawing features contributing to dementia discrimination and evaluated discrimination performance. <b>Results:</b> Five types of drawing features were selected as contributors to discrimination, including ""numbers in the correct position,"" ""minute target number indicated,"" and ""hand in correct proportion."" These features exhibited a discriminating sensitivity of 0.74 ± 0.16 and specificity of 0.74 ± 0.18 for detecting dementia. <b>Conclusion:</b> This study demonstrated a method for identifying individuals likely to be diagnosed with dementia among patients attending a dementia outpatient clinic using drawing features. The knowledge of drawing features contributing to dementia differentiation may assist healthcare practitioners in clinical reasoning and provide novel insights for clinical practice. In the future, we plan to develop a primary screening for dementia based on machine learning using CDT."
39465579,"Onset of cognitive impairment, diet quality and adherence to dietary guidelines over 12 years: the Personality and Total Health Cohort Study.",Sharleen O'Reilly; Anna Gouldson; Janine Wirth; Nicolas Cherbuin; Ranmalee Eramudugolla; Karin J Anstey,The British journal of nutrition,2024,2026,"Around 55 million people worldwide live with dementia, and more are expected due to population ageing. We aimed to investigate associations between healthy diet and mild cognitive impairment and dementia in 1753 older adults aged 60-64 from the PATH (Personality and Total Health Through Life Cohort) study. Healthy diet was defined by the Mediterranean-DASH diet Intervention for Neurological Delay (MIND) and two dietary guideline quality scores (Dietary Guideline Index (DGI) and Index Diet Quality (IDQ)), which were calculated from baseline FFQ. Higher dietary scores indicated higher diet quality. Incidence of Alzheimer's disease/vascular dementia (National Institute of Neurological Disorders criteria) and mild cognitive impairment (Winbald criteria) was assessed after 12 years of follow-up using validated questionnaires with nominated proxies. Logistic regression explored associations between dietary scores and cognitive function, adjusting for demographics, lifestyle factors and medical preconditions. Adjusted logistic regression comparing the per unit linear increase in diet scores showed MIND (OR = 0·82, 95 % CI = 0·68, 0·99), but not DGI (0·99 (0·97, 1·00)) or IDQ (1·12 (0·95, 1·32)), was significantly associated with lower odds of developing cognitive impairment. In conclusion, a healthier neuroprotective dietary pattern is associated with better cognitive function over time, whereas dietary patterns generated from general dietary guidelines did not show a significant association. Further research and well-designed clinical studies are needed to determine the effects of the MIND diet on cognitive impairment in older adults without a family history of dementia."
39691964,Continuous Glucose Monitoring in Comorbid Dementia and Diabetes: The Evidence So Far.,Busra Donat Ergin; Kieran Gadsby-Davis; Katharina Mattishent; Ketan Dhatariya; Nikki Garner; Michael Hornberger,Journal of diabetes science and technology,2024,2026,"Type 2 diabetes mellitus (T2DM) and dementia are two of the leading chronic diseases in aging and are known to influence each other's disease progression. There is well-established evidence that T2DM increases the risk for cognitive decline and dementia. At the same time, people with cognitive changes or dementia can find it difficult to manage their diabetes, resulting in hyper- or hypoglycemic events which can exacerbate the dementia disease progression further. Monitoring of glucose variability is, therefore, of critical importance during aging and when people with T2DM develop dementia. The advent of continuous glucose monitoring (CGM) has allowed the monitoring of glucose variability in T2DM more closely. The CGM seems to be highly feasible and acceptable to use in older people with T2DM and has been shown to significantly reduce their hypoglycemic events, often resulting in falls. Less is known as to whether CGM can have a similar beneficial effect on people with T2DM who have cognitive impairment or dementia in community or hospital settings. The current perspective will explore how CGM has made an impact on T2DM management in older people and those with comorbid cognitive impairment or dementia. We will further explore opportunities and challenges of using CGM in comorbid T2DM and dementia in community and hospital settings."
39671711,Integrated application of target-based and ligand-based drug-designing approaches for the identification of novel caspase-6 inhibitors.,Chayanika Chatterjee; Powsali Ghosh; Ravi Singh; Ashok Kumar; Sushil Kumar Singh,Journal of biomolecular structure & dynamics,2024,2026,"Caspase-6 (CASP6) is an effector caspase that has been marked to possess various pathological attributes associated with neurodegeneration. It is widely expressed in the neurodegenerative brain and peripheral tissues. It plays a vital role in apoptotic cell death and also performs non-apoptotic functions like axon pruning which contribute to the degeneration of neurons. Increment in active CASP6 levels in the cerebrospinal fluid has been observed during inflammation and has been linked to the early onset of Alzheimer's disease (AD). In the current study, a novel CASP6 inhibitor was identified with the help of integrated target-based and ligand-based drug-designing approaches. Various molecular features of US9 (PDB ID 8EG6) were used to generate models. The pharmacophore models were evaluated using the EF value, GH score, and percentage yield to select the best-suited model. The best model was used to screen the ZINC-15 database to obtain virtual hits. The undesirable compounds were eliminated using various nodes in KNIME workflow. The resulting compounds were further subjected to docking-based virtual screening (DBVS) to find the lead compounds. Further, the molecular docking studies were carried out in three stages, followed by pharmacokinetic property prediction and toxicity studies. The top two virtual hits, i.e. ZINC000012563650 and ZINC000069415222, were considered for molecular dynamics simulation studies. Compound ZINC000069415222 was found to possess better stability, drug-like properties, and lower toxicity under simulated conditions. Thus, ZINC000069415222 was identified as a potential CASP6 inhibitor that could be further explored experimentally as an anti-AD drug."
39633610,Theoretical investigation of selective inhibitory activity of chromone-based compounds against monoamine oxidase (MAO)-A and -B.,Intan Salsabila Putri; Nur Farisya Shamsudin; Maryam Aisyah Abdullah; Mochamad Nurcholis; Syahrul Imran; Chai Xin Yu; Chau Ling Tham; Mohd Fadhlizil Fasihi Mohd Aluwi; Sze-Wei Leong; Sentot Joko Raharjo; Zalikha Ibrahim; Deri Islami; Akm Moyeenul Huq; Muhammad Taher; Kamal Rullah,Journal of biomolecular structure & dynamics,2024,2026,"Monoamine oxidase (MAO) is crucial for the breakdown of monoamine neurotransmitters, making it a promising target for treating neurodegenerative disorders, such as depression, Alzheimer's disease, and Parkinson's disease. In this study, we investigated the selective inhibitory activity of chromone-based compounds against MAO-A and MAO-B for neurodegenerative disease treatment. In literary sources, thirty chromone derivatives have been identified as potential ligands for MAO-A and MAO-B inhibitors. We utilized molecular docking to evaluate how the most active compound interacted with the targeted MAO-A and MAO-B. Compound <b>2 g</b>, the most active for MAO-A, demonstrated a lower CDOCKER energy compared to the co-crystallized ligand. Meanwhile, compound <b>2f</b>, the most active for MAO-B, showed a CDOCKER energy similar to the co-crystallized ligand and exhibited similar binding patterns. Furthermore, we constructed a quantitative structure-activity relationship (QSAR) model to predict the properties and estimate IC<sub>50</sub> values for 30 chromone derivatives functioning as MAO-A and MAO-B inhibitors. The model predictions were validated against experimental measurements. Our 2D QSAR model demonstrated robustness, with a statistically significant non-cross-validated coefficient (r<sup>2</sup> < 0.9), cross-validated correlation coefficient (q<sup>2</sup> < 0.6), and predictive squared correlation coefficient (r<sup>2</sup><sub>pred</sub> < 0.8). Additionally, MD simulations confirmed the stable binding of compounds <b>2 g</b> and <b>2f</b> with MAO-A and MAO-B, respectively, displaying substantial binding energy. The most effective pharmacophore model identified key features, such as hydrogen bond acceptors and hydrophobic interactions, that contribute significantly to inhibitory potency. This study offers valuable insight into the selection of compounds with improved selectivity for MAO inhibition."
39628307,"Synthesis, DFT, ADMET and molecular docking studies of thiazole derived thiazolidinone-based chalcone derivatives: alzheimer's disease current therapies.",Muhammad Shahid Nadeem; Jalaluddin Azam Khan; Imran Kazmi; Ehssan Moglad; Muhammad Afzal; Sami I Alzarea; Fazal Rahim; Shoaib Khan; Khushi Muhammad; Gaurav Gupta,Future medicinal chemistry,2024,2026,"Nitrogen and sulfur-containing compounds are the core components utilized for synthesis of different heterocyclic moieties. In this research, a series of new analogues containing thiazolidinone have been synthesized <b>(1-20)</b> in order to evaluate their activity against acetylcholinesterase and butyrylcholinesterase. Potent analogues were further subjected for molecular docking in order to study their protein-ligand interactions. The highly active analogues were also subjected for DFT, which confirmed the binding properties, electrical properties, and nature with the targeted enzyme. ADMET analysis also confirms the druglikeness properties of the synthesized series. Analog <b>5</b> (IC<sub>50</sub> = <b>1.2 ± 0.1 µM and 1.8 ± 0.2</b> µM) exhibit excellent inhibition in comparison with the standard drug donepezil in view of inhibiting Alzheimer's disease."
39580616,Food for thought: implications of exercise-induced changes to cerebral glucose metabolism in ageing and Alzheimer's disease.,Stuart P S Mladen; Jack Bone; John R M Renwick; Aedan J Rourke,The Journal of physiology,2024,2026,No abstract available
39570122,"Natural benzofuran derivatives as promising scaffold for alleviating Alzheimer symptoms: acetylcholinesterase inhibition, structure activity relationship and <i>in silico</i> studies.",Ahmed A M A Selim; Marwa A Ibrahim,Natural product research,2024,2026,"Three isolated natural benzofuran compounds <b>1a-c</b> and four semi-synthesized benzofuran derivatives <b>2a,b</b> and <b>3a,b</b> were evaluated for their <i>in vitro</i> acetylcholinesterase inhibition assay. Most of the tested compounds showed moderate activity with IC<sub>50</sub> ranged from 102.4 ± 5.72 µM to 565.75 ± 4.17 µM, the most potent compound was kellin <b>1a</b> with IC<sub>50</sub> 102.4 ± 5.72 µM. The kellin derivatives <b>1a, 2a</b> and <b>3a</b> bearing additional methoxyl group showed more inhibition activity than its analogues of visnagin derivatives <b>1b,c</b>, <b>2b</b> and <b>3b</b>. The <i>in silico</i> investigation on the seven benzofuran derivatives matched our <i>in vitro</i> acetylcholinesterase results and explains the similarity in structures between the benzofuran compounds and donepezil drug. khellin had the best pharmacophore features among the studied compounds, the best fit score 1.862 and best dock score -9.135. In addition, our <i>in silico</i> study showed clearly that compounds carrying additional hydrophobic group had more potent activity through matched more ligand features."
39565006,Investigating the neuroprotective effects of alkaloids from Galanthus woronowii as a potential treatment for Alzheimer's disease.,Priyadharsan Arumugam,Natural product research,2024,2026,No abstract available
39529513,Exploring the therapeutic potential of cyclopeptides from <i>Stachys geobombycis</i> in Alzheimer's disease.,Vanitha Marunganathan; Ajay Guru,Natural product research,2024,2026,No abstract available
39487751,"Assessing Algerian <i>Ilex aquifolium</i> L.'s phenolic compounds, antioxidant and enzyme inhibitory properties to find a new natural remedy for Alzheimer's, diabetes and skin diseases.",Aldjia Hadroug; Gokhan Zengin; Rachid Belhattab; Yavuz S Cakmak; Khellaf Rebbas,Natural product research,2024,2026,"This research explored the impact of methanolic extracts from the fruits and leaves of <i>Ilex aquifolium</i> L., a rare Algerian species, on several enzymes, focusing on tyrosinase, α-amylase, α-glucosidase, and cholinesterases, as well as their antioxidant potential <i>in vitro</i> assays, including phosphomolybdenum, DPPH, ABTS, CUPRAC, FRAP, and MCA. HPLC-DAD analysis identified chlorogenic acid, rosmarinic acid, hesperidin, and quercetin as predominant phenolic components. Both extracts exhibited notable antioxidant properties, up to 250.08 mg TE/g for fruits and 237.08 mg TE/g for leaf extracts. Enzyme inhibitory assays demonstrated significant inhibition against AChE and BChE with maximum activities of 2.34 mg GALAE/g in leaves and 4.32 mg GALAE/g in fruits. Additionally, considerable tyrosinase inhibition was observed in leaves at 39.69 mg KAE/g. These findings highlight <i>I. aquifolium</i> L. as a valuable source for investigating natural antioxidants and enzyme inhibitors, particularly for possible cosmetics and food additives applications."
39403785,Structure-based computer-aided drug design to identify potential lead molecules for Asparaginyl Endopeptidase inhibitors.,Meenakshi Singh; Ian Steinke; Rajesh H Amin,Journal of biomolecular structure & dynamics,2024,2026,"The enzyme Asparaginyl Endopeptidase (AEP) is associated with proteinopathy-related pathologies such as Alzheimer's disease (AD) and Frontal Temporal Dementia (FTD). The onset of pathologies by AEP is due to cleaved fragments forming protein aggregates resulting in neurodegeneration. Unfortunately, there are no clinically approved small molecule inhibitors for AEP, and therefore, it serves as an unmet medical need for the design and development of potential novel small molecules. In developing potential inhibitors for proteolytic activity, a structured approach utilizing structure-based computer-aided drug design (SB-CADD) parameters was employed. This involved virtual high throughput screening (vHTS) across various CNS-focused databases enriched with diverse functionality. We identified the top sixty ligands based on the glide XP-docking score out of 10 million ligands. The free binding energy was then calculated using MM-GBSA for all top selected molecules which resulted in discovering that AEPI-1 to AEPI-6 (Asparaginyl Endopeptidase inhibitors) displayed high affinity towards the catalytic triad. Further investigation determined that all top six hits form stable complexes during 50 ns molecular dynamic simulations. We also observed that AEPI-2 demonstrated the highest stability within the binding pockets. Post-MD analyses such as DCCM, PCA, PDF, and ADMET properties were also evaluated. By bridging all the observations, we observed these six molecules occupy the active site of the β-helix (β1, β3, and β4) of the S1 pocket and additional binding sites in α1 and β5, suggesting its suitability as a potential candidate for drug discovery against Asparaginyl Endopeptidase."
39258961,Acute exercise alters brain glucose metabolism in aging and Alzheimer's disease.,Zachary D Green; Casey S John; Paul J Kueck; Anneka E Blankenship; Riley E Kemna; Chelsea N Johnson; Lauren E Yoksh; Shaun R Best; Joseph S Donald; Jonathan D Mahnken; Jeffrey M Burns; Eric D Vidoni; Jill K Morris,The Journal of physiology,2024,2026,"There is evidence that aerobic exercise improves brain health. Benefits may be modulated by acute physiological responses to exercise, but this has not been well characterized in older or cognitively impaired adults. The randomized controlled trial 'AEROBIC' (NCT04299308) enrolled 60 older adults who were cognitively healthy (n = 30) or cognitively impaired (n = 30) to characterize the acute brain responses to moderate [45-55% heart rate reserve (HRR)] and higher (65-75% HRR) intensity acute exercise. Each participant received two fluorodeoxyglucose positron emission tomography (FDG-PET) scans, one at rest and one following acute exercise. Change in cerebral glucose metabolism from rest to exercise was the primary outcome. Blood biomarker responses were also characterized as secondary outcomes. Whole grey matter FDG-PET standardized uptake value ratio (SUVR) differed between exercise (1.045 ± 0.082) and rest (0.985 ± 0.077) across subjects [Diff = -0.060, t(58) = 13.8, P < 0.001] regardless of diagnosis. Exercise increased lactate area under the curve (AUC) [F(1,56) = 161.99, P < 0.001] more in the higher intensity group [mean difference (MD) = 97.0 ± 50.8] than the moderate intensity group (MD = 40.3 ± 27.5; t = -5.252, P < 0.001). Change in lactate AUC and FDG-PET SUVR correlated significantly (R<sup>2</sup> = 0.179, P < 0.001). Acute exercise decreased whole grey matter cerebral glucose metabolism. This effect tracked with the systemic lactate response, suggesting that lactate may serve as a key brain fuel during exercise. Direct measurements of brain lactate metabolism in response to exercise are warranted. KEY POINTS: Acute exercise is associated with a drop in global brain glucose metabolism in both cognitively healthy older adults and those with Alzheimer's disease. Blood lactate levels increase following acute exercise. Change in brain metabolism tracks with blood lactate, suggesting it may be an important brain fuel. Acute exercise stimulates changes in brain-derived neurotrophic factor and other blood biomarkers."
39115803,Investigation of the utility of smartphone-based gait analyses in discrimination between patients with Alzheimer's disease and Parkinson's disease.,Halil Onder; Ozlem Bizpinar,Applied neuropsychology. Adult,2024,2026,"To reveal the discriminative value of gait parameters between Alzheimer's disease (AD) and Parkinson's disease (PD) subjects. We included all consecutive patients with newly diagnosed AD and those with a diagnosis of PD who applied to our polyclinic between March 2022 and June 2022. The demographic and clinical features were evaluated during interviews. The gait analyses were performed using a quantitative, smartphone-based gait analyses program. Using this program, the step time (ST), step length (SL), step number (SN), gait velocity (GV), and cadence were measured in all individuals. Overall, 31 patients with AD and 45 with PD were enrolled in the analyses. The mean age of the AD group was higher according to those with PD. As expected, the Mini-Mental State Examination (MMSE) values were lower in the AD group. The comparative analyses of the gait parameters between groups did not reveal differences in any of the measures. The correlation analyses to investigate the possible association between the disease severity and gait parameters revealed that the MDS-UPDRS showed low negative correlations with SL and GV. Our findings suggest that the evaluation of gait using the gait analyses program does not contribute to the discrimination between AD and PD in clinical practice."
41459734,<i>Blautia coccoides</i>-derived metabolite trimethylamine-N-oxide exacerbates Alzheimer's disease progression via targeting HIF1α signaling.,Xinhuang Lv; Tao Ye; Xiaolan Liao; Qiyao Li; Zheyu Fang; Xiaoou Lin; Mozi Chen; Conghui Dai; Lu Zhan; Linpei Zhuo; Kun Xiang; Jing Sun; Jiaming Liu,Gut microbes,2025,2026,"An increasing number of studies have shown that commensal gut microbes may be involved in the pathogenesis of Alzheimer's disease (AD). The influence of gut microbe-derived metabolites, such as trimethylamine N-oxide (TMAO), has attracted a lot of attention. However, the influence and pathways mediated by gut microbe-derived metabolites in the pathogenesis of AD remain uncertain. Here, we observed a significant increase in the abundance of <i>Blautia coccoides</i> in AD patients, which showed positive predictive value for serum p-Tau181 levels. Supplementation with <i>B. coccoides</i> could exacerbate cognitive impairment and Tau phosphorylation in P301s mice. We identified TMAO as a key <i>B</i>. <i>coccoides</i>-derived metabolite promoting Tau phosphorylation by functional gene analysis, metabolomic analysis and VIP analysis, and further demonstrated that it was able to promote oxidative stress of AD <i>in vitro</i>. Mechanistically, TMAO could bind to hypoxia-inducible factor 1 alpha (HIF1α) at 235-238 sites, which promoted oxidative stress through the inhibition of HIF1α signal, thereby aggravating AD pathology. This study elucidated the important role of <i>B. coccoides</i>-derived metabolite TMAO in exacerbating AD and provided new insights for gut microbe/metabolite-based therapeutic strategies."
41428862,A cell type enrichment analysis tool for brain DNA methylation data (CEAM).,Joshua Müller; Valentin T Laroche; Jennifer Imm; Luke Weymouth; Joshua Harvey; Rick A Reijnders; Adam R Smith; Daniel van den Hove; Katie Lunnon; Rachel Cavill; Ehsan Pishva,Epigenetics,2025,2026,"DNA methylation (DNAm) signatures are highly cell type-specific, yet most epigenome-wide association studies (EWAS) are performed on bulk tissue, potentially obscuring critical cell type-specific patterns. Existing computational tools for detecting cell type-specific DNAm changes are often limited by the accuracy of cell type deconvolution algorithms. Here, we introduce CEAM (Cell-type Enrichment Analysis for Methylation), a robust and interpretable framework for cell type enrichment analysis in DNA methylation data. CEAM applies over-representation analysis with cell type-specific CpG panels from Illumina EPIC arrays derived from nuclei-sorted cortical post-mortem brains from neurologically healthy aged individuals. The constructed CpG panels were systematically evaluated using both simulated datasets and published EWAS results from Alzheimer's disease, Lewy body disease, and multiple sclerosis. CEAM demonstrated resilience to shifts in cell type composition, a common confounder in EWAS, and remained robust across a wide range of differentially methylated positions, when upstream modeling of cell type composition was modeled with sufficient accuracy. Application to existing EWAS findings generated in neurodegenerative diseases revealed enrichment patterns concordant with established disease biology, confirming CEAM's biological relevance. The workflow is publicly available as an interactive Shiny app (https://um-dementia-systems-biology.shinyapps.io/CEAM/) enabling rapid, interpretable analysis of cell type-specific DNAm changes from bulk EWAS."
41427617,Cancer and dementia incidence are strongly correlated worldwide: evidence from cross-national regression analyses.,Wenpeng You; Brendon J Coventry; Maciej Henneberg,Future science OA,2025,2026,"Cancer and dementia are two major global health challenges influenced by population aging and socioeconomic transitions. Both impose substantial burdens, yet their relationship at the population level is insufficiently explored. This study investigated the global association between cancer incidence and dementia incidence, while accounting for developmental, demographic, and healthcare-related factors. Data were obtained from the Institute for Health Metrics and Evaluation. Covariates included economic affluence, urbanization, reduced selection opportunity, and life expectancy e(60). Analyses across 204 countries employed correlations, partial correlations, principal component analysis, and multiple linear regression (enter and stepwise). Subgroup analyses were stratified by income level, development status, WHO regions, and geopolitical groupings. Cancer incidence was strongly correlated with dementia incidence worldwide (r = 0.873; <i>ρ</i> = 0.938, <i>p</i> < 0.001). Associations remained consistent across regions, particularly in upper-middle-income and developing countries. Partial correlations showed the relationship persisted after adjustment, with cancer explaining 59.8% of dementia variance. Regression models revealed that socioeconomic and demographic factors explained 51.7% of the variance, rising to 80.1% with cancer included. Cancer incidence is a dominant independent predictor of dementia incidence globally, surpassing traditional factors. Findings highlight shared determinants and emphasize the importance of integrated chronic disease strategies, especially in low-resource settings."
41396689,Unraveling the potential of gasotransmitters as neurogenic and neuroprotective molecules: focus on Alzheimer's and Parkinson's diseases.,Sónia Simão; Daniela F Santos; Mariana Teixeira; Rafaela R Agostinho; Joana Rodrigues; Marta Vitorino; Inês M Araújo,Redox report : communications in free radical research,2025,2026,"Alzheimer's disease and Parkinson's disease are the two most prevalent neurodegenerative disorders worldwide, both characterized by progressive neuronal loss. Despite distinct pathophysiological features, they share cellular dysfunctions such as abnormal protein aggregation, oxidative stress, and neuroinflammation, research into which might be beneficial for developing novel therapeutic strategies that could tackle both conditions. This review highlights the emerging role of the gasotransmitters nitric oxide, carbon monoxide and hydrogen sulfide as modulators of adult neurogenesis and neuroprotection in Alzheimer's disease and Parkinson's disease. We have gathered recent evidence demonstrating that these endogenous gases exert anti-inflammatory, antioxidant, and anti-apoptotic effects, and, critically, promote neurogenesis - suggesting a dual neuroprotective and neuroregenerative therapeutic potential. The unique physicochemical features of these gasotransmitters, including their ability to cross the blood-brain barrier and diffuse rapidly throughout the neural tissue, further support their suitability as candidates for innovative neuroregenerative treatments. While clinical translation remains challenging, harnessing the neurogenic and neuroprotective actions of these gasotransmitters may offer transformative avenues for addressing the increasing burden of Alzheimer's disease and Parkinson's disease."
41376794,Utilizing multimodal models to forecast Alzheimer's disease progression and clinical subtypes.,Hao Ren; Fengshi Jing; Yue Zhou; Zeyu Luo; Xu Yu; Wen Jin; Lizhi Chen,Health information science and systems,2025,2026,"Alzheimer's disease (AD) exhibits highly heterogeneous clinical courses. Early, accurate prediction and subgroup identification remain challenging due to reliance on single-modality data and coarse subtype schemes. To develop and validate a multimodal framework that integrates 3D MRI and clinical indicators to (1) stratify patients into clinically meaningful progression subtypes and (2) forecast individual memory/cognitive trajectories at 6, 12, and 48 months. Using ADNI-2 (n = 453), we extracted 3D T1-weighted MRI features via a pre-trained Med3D network and combined them with cognitive, functional, and genetic indicators. Non-negative matrix factorization projected patients into a two-dimensional progression space, and K-means defined three prognostic subgroups (""Low,"" ""Mild,"" ""Fast""). We compared several longitudinal architectures (CNN, Transformer, LSTM variants, ConvLSTM); interpretability was assessed with SHAP. Clustering metrics (Silhouette peak at k = 3) supported three distinct trajectories. Stacked LSTM led image-only prediction, while standard LSTM favored indicator-only data. Multimodal LSTM with attention achieved the lowest errors-MAE 0.196, 0.203, and 0.261 at 6, 12, and 48 months-alongside accuracies of 0.903, 0.845, and 0.791. SHAP highlighted memory- and language-related features as dominant contributors. An interpretable, fully automated multimodal framework enables robust subgroup stratification and individualized cognitive forecasting up to four years, supporting personalized prognosis and targeted clinical decision-making."
41306192,Control analysis of deep brain stimulation and optogenetics for Alzheimer's disease under the computational cortex model.,Ya Zhang; Honghui Zhang; Zhuan Shen,Cognitive neurodynamics,2025,2026,"Abnormal τ and β-amyloid (Aβ) deposition in the brains of patients with Alzheimer's disease (AD) is significantly associated with cognitive decline. This abnormal deposition has been reported to be linked to increased excitatory and inhibitory time constants in neural circuits. In this paper, we focus on three typical electroencephalography (EEG) slowdowns clinically reported in association with AD, including decreased dominant frequency, decreased <i>α</i> rhythmic activity, and increased δ + θ rhythmic activity. Firstly, we demonstrate that changes in excitatory time constant, inhibitory time constants, and synaptic connection strength can induce the phenomenon of EEG slowdowns in early AD. Then, we are interested in the regulation of AD by traditional deep brain stimulation (DBS) and emerging optogenetic stimulation. High-frequency, high-pulse width, and high-amplitude DBS are more effective in reversing brain rhythm in AD, supporting the experiment that cortical high-frequency DBS may be an effective therapeutic way for dementia-related diseases. In particular, as a modification of traditional DBS, we find that oscillatory bursty stimulation can compensate for the shortcomings of DBS at low amplitude. However, it is physiologically difficult to target inhibitory interneurons with conventional electrical stimulation. Optogenetics is able to precisely stimulate pyramidal neurons and inhibitory interneurons observed in animal experiments. Our numerical results indicate that medium and low-frequency stimulation can better eliminate AD pathology. It should be noted that stimulation of inhibitory interneurons requires greater light intensity than stimulation of pyramidal neurons. Finally, we propose two optimization intermittent optogenetic stimulation protocols. These modeling results can reproduce some experimental phenomena and are expected to reveal the underlying pathological mechanisms and control strategies associated with cognitive dysfunction such as AD."
41221324,Research on the classification of EEG signals for dementia and its interpretability using the GWOCS agorithm.,Ruofan Wang; Haojie Xu; Yijia Ma; Yanqiu Che,Cognitive neurodynamics,2025,2026,"Alzheimer's disease (AD) and frontotemporal dementia (FTD) have insidious, similar and ambiguous clinical symptoms, which make their diagnosis difficult. Currently, in the field of EEG signal analysis, there are relatively few studies on the interpretability analysis of feature selection using intelligent optimization algorithms. To analyze the EEG signals of AD and FTD patients more comprehensively, first, 16 features in three dimensions of entropy, time-frequency domain and SODP were extracted in this paper. Secondly, Pearson correlation analysis, importance ranking and SHAP interpretability analysis methods were adopted to select SE, SW, ZCR, STA, CTM2 and CTM5 as the best discriminative features, and the Relief algorithm was used for fusion and dimension reduction based on weights. Thirdly, GWOCS was used for channel screening to determine the optimal channel combination of Fz, F7, Fp1, Fp2, F3, T3, P4 and C3, achieving the three-classification identification of the two patient groups and the normal control group, with the classification accuracy reaching 89.35[Formula: see text] and 81.12[Formula: see text] in cross-validation and LOSO validation, respectively. Finally, the SHAP method was used to prove that for the diagnosis of dementia, the prefrontal and temporal lobe brain regions play a decisive role, verifying the effectiveness of this framework in rapid channel selection and improving the efficiency of disease detection."
41467443,Mitochondria-associated endoplasmic reticulum membranes and calcium ion exchange: A novel direction for aging and neurodegenerative diseases.,Yuxuan Yang; Mengjie Chen; Lingling Ding; Jiaxi Liu; Jiansheng Luo; Ruyu Yan; Jiaqi Ning; Siyi Xie; Xiang Li; Zhihao Ren; Ruiling Zhou; Zhuoya Chen,Neural regeneration research,2025,2026,"Mitochondria-associated endoplasmic reticulum membranes serve as crucial signaling hubs mediating communication between the endoplasmic reticulum and mitochondria, and play a central role in calcium ion exchange. This dynamic interface regulates key cellular processes including bioenergetic metabolism, apoptosis, autophagy, and stress responses. Dysregulation of calcium transport associated with mitochondria-associated endoplasmic reticulum membranes can disrupt intracellular homeostasis, leading to mitochondrial dysfunction, oxidative stress, and neuronal death, which are hallmarks of aging and neurodegenerative diseases. This review systematically examines the functions of protein complexes within mitochondria-associated endoplasmic reticulum membranes and the pathogenic mechanisms of calcium signaling regulated by these membranes in neurodegenerative disorders. It places particular emphasis on structural alterations in calcium ion transport machinery as a common mechanism underlying various neurodegenerative diseases. In Alzheimer's disease, mitochondria-associated endoplasmic reticulum membranes exhibit a hyperactive state, promoting the generation of amyloid-β and enhancing calcium ion flux from the endoplasmic reticulum to the mitochondria. In contrast, in Parkinson's disease and amyotrophic lateral sclerosis, the activity of mitochondria-associated endoplasmic reticulum membranes is reduced, leading to a decline in mitochondrial calcium ion buffering capacity and exacerbating excitotoxicity. Proteins residing in mitochondria-associated endoplasmic reticulum membranes are disrupted across various neurodegenerative diseases, resulting in abnormal communication between the endoplasmic reticulum and mitochondria. Recent studies indicate that mitochondria-associated endoplasmic reticulum membranes play a bidirectional role in disease progression, and compensatory mechanisms often exacerbate the pathological process. Therapeutic strategies aimed at preserving the integrity of mitochondria-associated endoplasmic reticulum membranes hold promise for alleviating neurodegenerative damage. Therefore, calcium ion exchange mediated by mitochondria-associated endoplasmic reticulum membranes plays a key role in aging and neurodegenerative diseases, making it a highly promising therapeutic target."
41467440,Error-prone translation as a driver of proteostasis collapse and neurodegeneration.,Rashid Akbergenov; David P Wolfer; Dennis Gillingham; Dimitri Shcherbakov,Neural regeneration research,2025,2026,"Error-prone translation, resulting in inaccuracies in protein synthesis, is increasingly recognized as a critical contributor to proteostasis disruption and the pathogenesis of age-related neurological disorders. In recent years, numerous studies have elucidated that stochastic errors during mRNA translation may act as a molecular ""tipping point"" initiating pathogenic protein misfolding. A detailed analysis of how translation errors lead to protein misfolding, aggregation, and subsequent neurotoxicity will facilitate the identification of promising therapeutic targets for neurodegenerative diseases such as Alzheimer's disease, Parkinson's disease, and amyotrophic lateral sclerosis. This article explores the contribution of mistranslation to proteostasis decline, focusing on the unique vulnerabilities of neuronal cells. We review the sources of translation errors, effects of ribosomal ambiguity and error-restrictive mutations, role of proteostatic mechanisms (such as molecular chaperones, ubiquitin-proteasome system, and unfolded protein response), and provide a unified perspective that links age-related translational infidelity to neurodegeneration. By synthesizing the most recent data obtained with genetically modified cellular and animal model studies, we highlight how age-associated decline in translational fidelity exacerbates proteostasis failure and propose potential therapeutic interventions targeting translation accuracy to mitigate neurodegeneration."
41467438,"Organoids: Key advances, optimization, and technological iterations in their application to neurodegenerative diseases.",Jiangyu Zhao; Jing Wang; Xing Guo,Neural regeneration research,2025,2026,"Organoid technology, as an innovative approach, has shown great potential in disease modeling, target screening, and the development of treatment strategies. However, traditional organoids still have three major limitations in research: the absence of specific cell types, the lack of blood-brain barrier structure, and insufficient reproducibility of experimental results. In recent years, researchers have gradually overcome these limitations by introducing innovative techniques such as advanced culture methods, microfluidic systems, bioprinting, organoid transplantation, and assembloid construction. This progress has facilitated the widespread application of organoids in the study of neurodegenerative diseases. This paper aims to systematically review the technological innovations of organoids in the study of neurodegenerative diseases. By summarizing classical organoid construction strategies and their limitations, it emphasizes the value of organoids in comprehensive applications within neurodegenerative disease research. In this review, we focus on five specific neurodegenerative diseases: Alzheimer's disease, Parkinson's disease, Huntington's disease, amyotrophic lateral sclerosis, and frontotemporal dementia. Research in these diseases demonstrates that organoids improve experimental accessibility and reduce development cycles in disease modeling, target discovery, and therapeutic strategy formation. Using customized equipment and gene editing techniques, these organoids can be tailored to specific needs, providing pathophysiologically relevant disease models and enhancing our understanding of neurodegenerative diseases. Although organoid technology has demonstrated significant advantages in disease research, its potential for treating neurodegenerative diseases has not yet been fully explored, which may become an important direction for future research."
41467429,Therapeutic potential of astrocyte transdifferentiated neurons.,Xiaojun Liang; Rongxing Qin; Qingchun Qin; Wei Xu; Hongyu Xu; Xinyu Lai; Lingduo Shao; Caiqi Li; Minshan Xie; Xiaoyuan Xiong; Qi Tang; Li Chen,Neural regeneration research,2025,2026,"The permanent functional deficits resulting from the inability of adult mammalian central nervous system neurons to regenerate after injury present a significant clinical challenge. While traditional stem cell transplantation strategies continue to encounter ethical concerns and the risk of immune rejection, this impasse has shifted regenerative medicine research toward targeting endogenous astrocytes. Due to their intrinsic plasticity, widespread distribution throughout the central nervous system, and affinity for neurodevelopmental lineage, astrocytes are a unique target for in situ neuronal regeneration. This review systematically elucidates the core regulatory network governing astrocyte transdifferentiation, identifying 10 key signaling pathways, such as Wnt signaling pathway, that form a cascade regulatory system. Directed overexpression of transcription factors such as NeuroD1, Ascl1, or Neurog2 can directly initiate neuronal phenotypic conversion. Meanwhile, small molecule compounds such as valproic acid combined with CHIR99021 activate endogenous neurogenic programs by inhibiting the bone morphogenetic protein signaling axis. Notably, polypyrimidine tract binding protein 1 ( PTB ) gene silencing significantly enhances transdifferentiation efficiency by suppressing the microRNA 124/re1 silencing transcription factor (miR-124/REST) feedback loop. From a translational perspective, a multidimensional evaluation system based on morphological, molecular marker, and electrophysiological properties has demonstrated considerable therapeutic potential. In stroke models, NeuroD1-mediated transdifferentiation replenished approximately 30% of lost cortical neurons and improved motor coordination, evidenced by enhanced performance in food pellet retrieval, grid walking, and cylinder tests compared with controls. In spinal cord injury studies, SOX2-induced glutamatergic neurons moderately reduced glial scar density by about 25%, permitting regenerating axons to pass through while preserving the supportive structure of scar. In neurodegenerative contexts, PTB inhibition yielded functionally mature dopaminergic neurons and reconstructed nigrostriatal pathways in Parkinson's disease models. In Alzheimer's disease models, adeno-associated virus-delivered NeuroD1 induced whole-brain neural circuit remodeling, generating 500,000 new neurons widely distributed across the cortex and hippocampus, accompanied by improved cognitive performance. Current technical limitations include off-target effects of adeno-associated virus vectors, which cause nonspecific gene expression and require rigorous validation via Cre-loxP lineage tracing. Transdifferentiation efficiency is also highly influenced by regional microenvironments: gray matter astrocytes show higher conversion rates than those in white matter, and oxidative stress increases apoptosis among newly generated neurons. Clinical translation is further constrained by the safety of delivery systems and the aging tissue microenvironment, where transforming growth factor beta 1 is often elevated. Ferroptosis inhibitors have been shown to nearly double the survival rate of transdifferentiated cells, offering a novel strategy to mitigate oxidative damage. Based on current evidence, astrocyte transdifferentiation enables neural functional recovery across multiple disease models through endogenous repair mechanisms. Future advances should focus on optogenetically inducible vectors for spatiotemporal precision, non-viral delivery systems to mitigate vector-related risks, and integration of long-term safety validation in non-human primates with single-cell multi-omics technologies to facilitate the clinical translation of personalized regenerative therapies."
41467426,Autophagy and selective autophagy receptors: Key players against Alzheimer's disease.,Krenare Bruqi; Flavie Strappazzon,Neural regeneration research,2025,2026,"The devastating neurodegenerative disorder of Alzheimer's disease hallmarks the presence of protein aggregates known as amyloid-β plaques and neurofibrillary tangles, composed of amyloid-β peptides and aberrantly phosphorylated Tau protein, respectively. The accumulation of these inclusions leads to significant alterations in neuronal homeostasis and overall brain function, resulting in a progressive and rapid cognitive decline. Autophagy, the molecular mechanism of cellular waste removal through the lysosomal pathway, accounts for the degradation of both amyloid-β plaques and neurofibrillary tangles in the brain, conferring therefore protection against the pathology. In addition to general autophagy, several lines of evidence have reported the implication of selective autophagy receptors, including sequestosome 1/p62, the neighbor of BRCA1 gene, the nuclear-dot protein 52, and optineurin, in mediating the autophagic clearance of amyloid-β, phosphorylated Tau, or both. Herein, we have highlighted autophagy and selective autophagy as pivotal mechanisms in Alzheimer's disease, underlining selective autophagy receptors as a potential target for treatments in the future."
41467422,Targeting innovative therapeutic approaches to the hallmarks of aging to combat Alzheimer's disease.,Michal Izrael; Orli Miriam Frenkel,Neural regeneration research,2025,2026,"Aging is the leading risk factor for neurodegenerative diseases, including Alzheimer's disease. Mounting evidence implicates twelve interconnected hallmarks of aging, such as genomic instability, mitochondrial dysfunction, cellular senescence, and altered intercellular communication, as core contributors to cognitive decline. In this review, we will first delineate the hallmarks of aging and their mechanistic roles according to their functions in the aging brain and Alzheimer's disease. These hallmarks can be grouped into four major functional clusters: (i) Genomic and epigenomic instability, (ii) proteostasis and organelle dysfunction, (iii) cellular fate and regenerative decline, and (iv) cellular senescence. Then, we provide an overview of innovative therapeutic approaches aimed at modifying these hallmarks, focusing on the emerging paradigm of supplementation of rejuvenation factors that are derived from young plasma, stem cell secretomes, or their derivatives (e.g., extracellular vesicles). Finally, we discuss key aging-related biological factors that can influence Alzheimer's disease progression and evaluate their potential as therapeutic targets."
41467421,Cell-based immunotherapy for neurodegenerative disease: A promising avenue.,Tomas J Huerta; Valentina Urbina-Muñoz; Valentina Urra-Alvarez; Cristopher Villablanca; Luis S Gomez-Perez; Barbara Saavedra; Tomás Contreras; René L Vidal,Neural regeneration research,2025,2026,"Neurodegenerative diseases such as amyotrophic lateral sclerosis, Alzheimer's disease, Parkinson's disease, and Huntington's disease are characterized by progressive neuronal loss and chronic neuroinflammation, with current treatments remaining largely symptomatic. This review explores the potential of cell-based immunotherapy as a disease-modifying strategy. Advances in stem cell biology and immune engineering have facilitated the development of therapies using mesenchymal stem cells, chimeric antigen receptor T cells, macrophages, regulatory T cells, modified macrophages, and monoclonal antibodies. These approaches aim to regulate immune mechanisms implicated in neurodegeneration, such as microglial activation, systemic inflammation, and immune checkpoint dysregulation. Notably, macrophage-mediated delivery systems, such as genetically modified cells expressing neurotrophic factors or antioxidant enzymes, have demonstrated neuroprotective effects. Likewise, emerging data support T-cell modulation and monoclonal antibody development as therapeutic targets in amyotrophic lateral sclerosis, Alzheimer's disease, Parkinson's disease, and Huntington's disease. We highlight current preclinical findings, underlying mechanisms, and translational challenges, emphasizing that immunomodulatory cell therapies represent a promising avenue for precision medicine in neurodegenerative diseases."
41467414,High mobility group box 1 and its post-translational modifications: Molecular mechanisms underlying neurodegenerative disease pathogenesis.,Jun Li; Naming Wu; Yifan Xiao; Yiyuan Xia,Neural regeneration research,2025,2026,"High mobility group box 1 is a dynamic nuclear protein that acts as a damage-associated molecular pattern when released from cells and plays key roles in neurodegenerative diseases. This review comprehensively analyzes the related post-translational modifications that affect the dual functions of high mobility group box 1 in neuroinflammation and neuronal survival, including acetylation, phosphorylation, oxidation, S-nitrosylation, lactylation, and ubiquitination. Post-translational modifications play critical regulatory roles in high mobility group box 1 subcellular localization, release processes and the specificity of receptor binding. In Alzheimer's disease, high mobility group box 1 exacerbates the disease through the Toll-like receptor 4/nuclear factor kappa B signaling pathway. Inhibition of high mobility group box 1 acetylation can alleviate neuroinflammation. Parkinson's disease models indicate that the S-nitrosylation of Cys106 is essential for the secretion of high mobility group box 1, which contributes to dopaminergic degeneration through the activation of microglia. In multiple sclerosis, high mobility group box 1 obstructs remyelination by inhibiting the maturation of oligodendrocytes and activating pro-inflammatory pathways. In contrast, high mobility group box 1 can maintain autophagy and DNA repair functions, suggesting its protective role. Therapeutic strategies targeting high mobility group box 1 show potential benefits. Glycyrrhizic acid inhibits disulfide-linked high mobility group box 1, SIRT activators suppress acetylation, and anti-high mobility group box 1 antibodies neutralize extracellular isoforms, thereby improving the results of preclinical studies. However, the diverse functions of high mobility group box 1 and the lack of post-translational modification-specific biomarkers present challenges for clinical translation. Future research should aim to create selective inhibitors that can cross the blood-brain barrier to target harmful forms of high mobility group box 1, and establish post-translational modification-based biomarkers for early detection. This review emphasizes that accurately targeting of high mobility group box 1 post-translational modifications in neurodegenerative diseases could be a new approach that can interrupt neuroinflammatory cascades while maintaining neuroprotective functions."
41467412,Prospect in Alzheimer's disease integrative therapy targeting both amyloid-beta and tau.,Wei Zhang; Yiqun Zhou; Jiuyan Chen; Miranda Perez; Xiomara Claure; Roger M Leblanc,Neural regeneration research,2025,2026,"Alzheimer's disease is well characterized by the buildup of amyloid-β plaques and tau protein tangles, leading to neurodegeneration and cognitive impairments. Recent prosperous Alzheimer's disease therapeutic development targeting amyloid-β validates the amyloid hypothesis. Nonetheless, the limited efficacy of single-target therapies plus as-observed synergy between amyloid-β and tau calls for a thorough understanding of Alzheimer's disease pathogenesis. Thus, this review introduces Alzheimer's disease pathogenesis, specifically focusing on the amyloid-β and tau pathologies, highlights their interconnected nature, presents personal perspectives on therapeutic and diagnostic challenges, and underscores the necessity of combined therapeutic approaches to effectively address Alzheimer's disease."
41467389,"Sex hormones, the gut microbiome, and neurodegenerative diseases: Lifespan perspective.",Sarah Stahlke; Carsten Theiss,Neural regeneration research,2025,2026,"The gut-brain axis represents a highly integrated communication network, connecting the gastrointestinal tract and the central nervous system via neural, immune, endocrine, and metabolic pathways. Steroid hormones, such as estrogens, androgens, and glucocorticoids, play a pivotal role in modulating these interactions across the lifespan. These hormones influence the composition of microbiota, intestinal permeability, and neuroimmune responses, thereby shaping brain function and behavior. Emerging evidence suggests a correlation between disruptions in the gut-brain axis and the onset and progression of neurodegenerative diseases, including Parkinson's disease, Alzheimer's disease, and multiple sclerosis. The diseases exhibit distinct sex-specific patterns in terms of prevalence, symptomatology, and progression. These patterns are often the consequence of differences in steroid hormone levels, receptor distribution, and immune responses. Despite these differences, the role of sex as a biological variable remains underrepresented in experimental and clinical research. This review synthesizes current evidence on how steroid hormones modulate gut-brain axis interactions and how these mechanisms contribute to neurodegeneration in a sex-specific manner. We highlight recent findings on hormonal regulation of the gut microbiome and its impact on neuroinflammation and neuronal vulnerability. This overview focuses not only on Parkinson's disease, in which genetic variations in the gene for brain-derived neurotrophic factor have been observed among others as triggers for dopaminergic neurodegeneration. In addition, Alzheimer's disease and multiple sclerosis are also considered, in which the prevalence of intestinal dysbiosis and impaired intestinal barrier function have been identified as significant influencing factors. This review provides a comprehensive framework for understanding the gender-specific neurobiology of gut-brain axis by integrating perspectives from the fields of endocrinology, neuroimmunology, and microbiome research. It is argued that a targeted investigation of the interactions between hormones and gut-brain axis is essential for the development of sex-specific therapeutic strategies for neurodegenerative diseases."
41467385,CD11c + microglia: From basic research to clinical application.,Zipeng Zhou; Yongfei Zhao; Xiangyi Fan; Jinhui Zhang; Ruihan Niu; Yifei Ma; Fei Xie; Peifu Tang; Xifan Mei; Licheng Zhang; Junhao Deng,Neural regeneration research,2025,2026,"CD11c + microglia are a functionally specialized subpopulation of microglia that play a crucial role in the pathophysiological processes of various central nervous system diseases. This review synthesizes compelling evidence that CD11c + microglia exhibit unique transcriptomic and phagocytic characteristics. These characteristics distinguish them from homeostatic microglia and support their specialized functions. During development, CD11c + microglia are crucial for the maturation of oligodendrocytes and the integrity of white matter, particularly in regions such as the corpus callosum and cerebellum. In preclinical models of neurodegenerative diseases (such as Alzheimer's disease and amyotrophic lateral sclerosis) and central nervous system injuries (such as stroke and spinal cord injury), they are consistently associated with neuroprotective phenotypes. CD11c + microglia exhibit enhanced phagocytic capacity near amyloid plaques and damaged neurons, helping to clear pathological protein aggregates and cell debris, thereby reducing neurotoxicity and promoting a repair environment. The current consensus is that specific microenvironmental cues, particularly hazard signaling molecules damage-associated molecular patterns and cytokines (such as interferon-γ), are the main drivers of the differentiation and activation of CD11c + microglia. Among these, the TREM2-APOE signaling axis is a key and widely accepted regulatory pathway for their survival, proliferation, and functional status. The plasticity of CD11c + microglia is regulated by multiple signaling pathways, including CSF1R, SIRPα-CD47, interferon-γ, and the complement cascade. Emerging therapeutic strategies aim to regulate their activities through gene targeting, metabolic intervention, and immune regulation using TREM2 agonists, CSF1R inhibitors, or nanopharmacological methods. However, challenges remain in defining specific CD11c + biomarkers, understanding environment-dependent functions, and achieving targeted delivery. Future prospects depend on clearly addressing individual developmental issues, deciphering the molecular switches that control phenotypic plasticity, and developing highly specific therapeutic strategies to leverage their beneficial functions, thereby paving the way for new intervention methods for neurological diseases."
41467384,Neurovascular therapeutic potential of neuromodulation in Alzheimer's disease.,Maria Luisa De Paolis; Claudio Zaccone; Marcello D'Amelio,Neural regeneration research,2025,2026,No abstract available
41169223,Lycium barbarum glycopeptide protects neurons from amyloid-beta toxicity.,Zihang Chen; Xiao Wang; Simin Wang; Zelin Wu; Huajun Wang; Kin Chiu; Xiaofei Zheng; Kwok-Fai So,Neural regeneration research,2025,2026,No abstract available
42444486,Branched-chain amino acids and gut microbiota: coregulation and impact on neurological function via the gut-brain axis.,Qiong Li; Baowen Fan; Yao Xiao; Zhe Zhang; Siyi Zhao; Bin Liao; Jie Zeng; Xuesong Shan; Haonan Ye; Yuqi Wen; Lieliang Zhang; Hua Guo; Feng Xiao; Hong Zhu,Gut microbes,2026,2026,"Diseases that cause neurological dysfunction, such as Parkinson's disease (PD), Alzheimer's disease (AD), and maple syrup urine disease (MSUD), among others, are characterized by complex and multifaceted etiologies. There is growing evidence that branched-chain amino acids (BCAAs), regulated by the gut microbiota, play a critical role in the development of the central nervous system (CNS) disorders. This review focuses on the potential role of branched-chain amino acid metabolism in regulating brain function and gut microbiota. First, we summarize the current understanding of BCAAs, encompassing their biochemical metabolism, function, and systemic metabolic mechanisms. Subsequently, we delve into the mechanisms through which the gut microbiota regulates branched-chain amino acid metabolism, along with its mechanistic insights and recent evidence of its impact on neurological disorders. Finally, we discuss future research directions and challenges regarding gut BCAAs metabolism as a potential treatment for brain and gastrointestinal dysfunction."
42187062,Oxidative stress biomarkers and flavonoids in Alzheimer's disease: current clinical evidence and therapeutic perspectives.,Muhammad-Safuan Zainuddin; Narendra Pamidi; Adzzie Shazleen Azman; Kasthuri Bai Magalingam; Saatheeyavaane Bhuvanendran,Redox report : communications in free radical research,2026,2026,"Alzheimer's disease (AD) is a major global neurodegenerative disorder associated with high morbidity and mortality, yet current treatments remain largely symptomatic and ineffective in halting neurodegeneration. Growing evidence links oxidative stress potentially being an early event in AD progression. Consequently, therapeutic strategies targeting oxidative stress-mediated cellular damage are increasingly attractive. This review summarizes clinical evidence of oxidative stress biomarkers in AD and examines the neuroprotective mechanisms of flavonoids against oxidative stress <i>in vivo</i>, together with current clinical findings. Despite inconsistencies among studies due to variations in detection methods, a consistent trend of elevated oxidative stress in AD is evident, correlating with disease severity. Although <i>in vivo</i> studies have demonstrated that flavonoids restore antioxidant defences and suppress neuroinflammation, convincing clinical evidence of their efficacy in AD patients remains limited. Overall, these findings emphasize oxidative stress as a therapeutic target requiring further validation efforts."
42178714,Microbiome functional gene pathways are indicative of cognitive performance in older adults at risk for Alzheimer's disease.,Abigail L Zeamer; YuShuan Lai; Ethan Loew; Victoria Sanborn; Matthew Tracy; Cynthia Jo; Danielle Ferdinand; Doyle V Ward; Shakti K Bhattarai; Johnathan Drake; Beth A McCormick; Vanni Bucci; John P Haran,Gut microbes,2026,2026,"Disturbances in the gut microbiome are increasingly correlated with neurodegenerative disorders, including Alzheimer's disease. Multiple lines of emerging evidence are consistent with the microbiome's involvement in disease pathology in AD by triggering or potentiating systemic and neuroinflammation, thereby influencing disease pathology through the ""microbiota-gut-brain axis."" Currently, the copathologies contributing to cognitive decline and symptomatic progression in AD remain unknown and understudied. Changes in the gut microbiome composition may offer clues to potential systemic physiologic and neuropathologic changes that contribute to cognitive decline. Here, we recruited a cohort of 260 older adults (aged 60 y or older) living in the community and followed them over time, tracking objective measures of cognition, clinical information, and gut microbiome samples. Subjects were classified as healthy controls, exhibiting mild cognitive impairment, or having dementia based on clinical assessments. Using metagenomic sequencing and gene pathway analyses, we found that certain microbial-encoded metabolic pathways correlated with worse cognitive performance. Specifically, genes involved in the urea cycle, polyamine synthesis, or the metabolism of methionine and cysteine predicted worse cognitive performance. Our study suggests that the gut microbiome composition may be linked to cognitive impairment along the AD continuum and points to microbial metabolic pathways that may potentiate disease."
41896724,Circulatory dietary and gut-derived metabolites predict early cognitive decline.,Emily Connell; Saber Sami; Mizanur Khondoker; Anne Marie Minihane; Matthew G Pontifex; Michael Müller; Simon McArthur; Gwenaelle Le Gall; David Vauzour,Gut microbes,2026,2026,"A key component of disease prevention is the identification of at-risk individuals. Microbial dysbiosis in the early stages of cognitive decline and Alzheimer's disease (AD) and can modulate the levels of microbe-derived metabolites (MDM), thought to contribute to neuroinflammation, blood‒brain barrier dysfunction, and neuronal degeneration. However, the precise role of MDM in this process, as well as their potential value as risk factors, remains poorly understood. Mass spectrometry platforms determined the serum concentration of 33 metabolites (13 tryptophan-related compounds, 15 bile acid compounds, 3 TMAO-related metabolites and 2 cresol metabolites) from cognitively healthy subjects, subjective cognitive impairment (SCI) participants and mild cognitive impairment (MCI) participants (<i>n</i> = 50 per group, matched for age, BMI and sex). Multiple linear regression and machine learning techniques were applied to identify a metabolite panel capable of classifying early cognitive decline. 16S rRNA amplicon sequencing was employed to identify bacterial taxa associated with these metabolic changes. Multiple linear regression modelling, adjusted for sex, BMI, age, albumin (for its role in metabolite transport), liver and kidney function, and background diet, identified key neuroprotective metabolites, namely choline, 5-hydroxyindole acetic acid, and indole propionic acid (IPA), as lower in SCI and MCI individuals compared to healthy controls. In contrast, the cytotoxic metabolite, indoxyl sulfate, and kynurenic acid were elevated. A random forest algorithm with multiclass classification further validated these findings, highlighting six metabolites (indoxyl sulfate, choline, 5-hydroxyindole acetic acid, IPA, kynurenic acid, and kynurenine) as classifiers of early cognitive decline, achieving an area under the curve (AUC) of 0.79. These findings suggest that MDM may serve as putative composite biomarkers of early cognitive decline, offering potential clinical relevance for metabolic risk stratification and supporting the future development of minimally invasive screening tools."
41896164,Interventions to support young carers/supporters of people living with dementia: a mixed methods systematic review.,Kirstie Goodchild; Ellice Parkinson; Jane L Cross,International journal of qualitative studies on health and well-being,2026,2026,"Despite children being young carers for people living with dementia globally, and evidence suggesting they need more support, there is limited research evaluating best practice for dementia-care related interventions for children. The purpose of this work was therefore to comprehensively summarise the existing literature by synthesising studies appraising existing child-focused and dementia-care relevant interventions. A mixed methods systematic review with a convergent integrated synthesis approach. Four databases were systematically searched from 1st January 2013 to 9th February 2024. Qualitative, quantitative, and mixed methods studies evaluating any intervention programme that aimed to improve children's understanding and/or support for people living with dementia were included. Seventeen studies, evaluating 15 different interventions (1,345 participants), were eligible for inclusion. Extracted data were inductively synthesised into 18 categories, forming six integrated findings relating to what makes interventions useful for helping children to understand and/or support people living with dementia. The findings can inform the development of interventions for children with dementia care responsibilities, and further robust research."
41863079,Overcoming the blood‒brain barrier: nanomedicine strategies for targeted delivery and multimodal therapy in Alzheimer's disease.,Jiahui Li; Liting Guo; Weiyi Cai; Juanjuan Mei; Jie Liu; Yanan Liu,Drug delivery,2026,2026,"Alzheimer's disease (AD) remains a significant therapeutic challenge, primarily because the formidable blood‒brain barrier (BBB), which drastically limits the brain bioavailability of most drugs. Nanoparticle-based drug delivery systems offer a promising strategy to overcome this central obstacle. This review systematically examines the design, mechanisms, and applications of nanomedicine in AD therapy. We analyze key strategies for enhancing BBB penetration through surface engineering and the utilization of various nanocarriers, including liposomes, exosomes, dendrimers, and carbon dots. Furthermore, we discuss how stimuli-responsive release mechanisms (e.g. responsive to pH, enzymes, reactive oxygen species, light, or ultrasound) enable targeted and precise drug delivery. A critical focus is placed on how these multifunctional nanoplatforms can address multiple AD pathogenic pathways simultaneously, such as amyloid-β and tau aggregation, cholinergic dysfunction, oxidative stress, neuroinflammation, and gut‒brain axis dysregulation. Although preclinical evidence is compelling, the clinical translation of these nanotherapies is hindered by challenges related to long-term biocompatibility, scalable manufacturing, patient heterogeneity, and regulatory frameworks. This review highlights the translational potential of nanomedicine in AD treatment while outlining the key hurdles that must be addressed for its successful implementation."
41527932,A novel Mediterranean diet-inspired supplement reduces hippocampal amyloid deposits and microglial activation through the modulation of the microbiota gut-brain axis in 5xFAD mice.,Emily Connell; Gwénaëlle Le Gall; Simon McArthur; Leonie Lang; Bernadette Breeze; Marrium Liaquat; Matthew G Pontifex; Saber Sami; Line Pourtau; David Gaudout; Michael Müller; David Vauzour,Gut microbes,2026,2026,"Alzheimer's disease (AD) is projected to increase in prevalence, heightening the need for strategies to alleviate its neuropathological burden. The bioactive constituents of a Mediterranean-style diet are well-recognised for their neuroprotective properties. Due to their capacity to alter the gut microbiome composition, these benefits may involve modulation of the microbiota-gut-brain axis. In this study, we investigated whether a novel supplement enriched with key Mediterranean diet-derived bioactives (Neurosyn240) could reduce amyloid deposition and microglial activation in 5xFAD mice, a transgenic model of AD, through microbiota-mediated mechanisms. Male and female 5xFAD transgenic mice (<i>n</i> = 16 per sex) were randomly assigned to receive either a standard control diet or a diet supplemented with Neurosyn240 for 12 weeks. Employing a multi-omics approach, gut microbiota composition was profiled using 16S rRNA ampliconsequencing, serum metabolites were quantified via targeted metabolomics, and hippocampal gene expression was analysed through qPCR and RNA sequencing. Neuropathological markers, including amyloid-β deposition and microglial activation, were evaluated using immunofluorescence staining. Statistical analyses were performed using two-way ANOVA to examine the main effects of diet and sex and their interaction. Neurosyn240 significantly shifted the gut microbiome composition, which was associated with increased circulatory serotonin levels and decreased kynurenine and bile acids (TCA, HDCA, TDCA, CDCA and LCA) concentrations. In the brain, Neurosyn240 consumption led to a significant reduction in hippocampal amyloid deposits and Iba-1 positive microglia (p<0.05), which were associated with decreased LCA and increased serotonin, respectively. Hippocampal RNA sequencing further highlighted the upregulation of genes involved in promoting amyloid beta clearance mechanisms. Together, these findings highlight novel neuroprotective effects of Neurosyn240 in modulating metabolite-mediated pathways of the microbiota-gut-brain axis, accentuating its therapeutic potential against AD progression."
42320775,Ethnopharmacological landscape of Azadirachta indica (Neem): Phytochemical diversity bridging traditional heritage and modern medicine.,Arpit Sharma; Shruti S Raut; Alok Shukla; Nancy Parul; Amit Singh; Abha Mishra,Journal of ethnopharmacology,2026,2026,"Azadirachta indica A. Juss. (neem) is a cornerstone of traditional medicine across tropical regions, recognized for its broad-spectrum therapeutic applications. However, the translation of its extensive ethnopharmacological legacy into evidence-based therapy is hindered by fragmented reports and a lack of systematic integration. This narrative review aims to provide a quantitative and mechanistic synthesis of neem's phytochemical diversity and pharmacological landscape, explicitly distinguishing itself from prior work by mapping over 140 bioactive compounds to specific molecular pathways and clinical potential, while critically evaluating translational barriers. A literature search of Web of Science, PubMed, and Scopus was conducted for peer-reviewed articles published between January 2001 and November 2025, using keywords related to Azadirachta indica, neem phytochemistry, pharmacology, and toxicology. Phytochemical investigations have identified over 140 distinct compounds, including limonoids (e.g., azadirachtin, nimbolide, gedunin), flavonoids, and phenolic acids, distributed across all plant parts. These compounds modulate core signaling hubs-NF-κB, PI3K/Akt/mTOR, Nrf2, and MAPK-underpinning a broad pharmacological spectrum. Preclinical studies suggest that neem-derived compounds exhibit antiproliferative activity against breast, cervical, colon, and prostate cancer cell lines, although in vitro IC<sub>50</sub> values alone are not predictive of clinical efficacy. Neem extracts and phytochemicals have also demonstrated neuroprotective effects in experimental models of Alzheimer's and Parkinson's diseases and antidiabetic activity in streptozotocin-induced diabetic rodents; however, the translational relevance of these findings to human disease remains to be established through rigorous clinical investigation. Beyond human health, neem's insecticidal and antifeedant properties support eco-friendly agricultural applications. However, clinical validation remains strikingly limited: only fifteen interventional trials are registered, most for oro-dental conditions, with no published phase II/III results for systemic diseases. Toxicological reports confirm dose- and route-dependent risks, including pediatric encephalopathy from neem oil ingestion and embryotoxicity, necessitating explicit safety guidelines. Neem possesses validated, multi-target therapeutic potential, yet its clinical translation is currently impeded by poor bioavailability, extract standardization gaps, and a paucity of rigorous human trials. Future research must prioritize pharmacokinetic optimization (e.g., nanoformulations), establishment of certified reference materials, and well-designed phase trials in oncology and metabolic disease, rather than further preclinical cataloging."
42320774,Ditan Decoction alleviates glutamate excitotoxicity in an Aβ-induced Alzheimer's disease-like model through the regulation of ERBB2/PI3K/AKT signaling pathway.,Lisong Ren; Shangzhi Liu; Xingyang Sun; Yini Zhang; Ping Wang; Ling Liu; Lin-Lin Chen,Journal of ethnopharmacology,2026,2026,"Alzheimer's disease (AD), as the most prevalent form of dementia among the elders, poses a major global health challenge. Ditan Decoction (DTD), a classic prescription from traditional Chinese medicine, demonstrates potent capacity against neurological disorders. Nevertheless, the specific components of DTD and its mechanisms in treating AD remain unclear. The study was designed to investigate the underlying substance basis and molecular mechanisms of DTD in treating Aβ<sub>1-42</sub>-induced cognitive decline in rats. The AD model rats established by Aβ<sub>1-42</sub> injection were subjected to cognitive function assessment through Y-maze, Morris water maze and novel object recognition tests. Neuronal damage and dendritic spine integrity were evaluated by Nissl and Golgi staining. The constituent assignment of DTD in vitro and in vivo was accomplished by LC-MS, and potential targets for AD treatment were predicted through network pharmacology, broad-target metabolomics, molecular docking and molecular dynamics simulations. Immunofluorescence and neurotransmitter assay served to analyze neuronal activation levels and glutamate content. Protein expressions of signal pathway were detected in hippocampus and validated by serum pharmacology in HT22 cells using Western blot analysis. DTD treatment significantly alleviated the cognitive dysfunction in AD model rats. LC-MS analysis identified 268 compounds in DTD, with 23 active ingredients absorbed in vivo. Integrated analyses combining network pharmacology, metabolomic profiling, molecular docking, and molecular dynamics simulations indicated that DTD may exert therapeutic effects against AD by lowering glutamate levels in hippocampus via the regulation of ERBB2/PI3K/AKT signaling pathways. DTD upregulated the expression of ERBB2 and p-AKT, reduced glutamate-induced neuronal activation levels and hippocampal glutamate content, and elevated the level of synaptic proteins PSD95, Syn1 and NR2A/B, thereby improving the structural and functional integrity of synapses. Cell tests confirmed that DTD alleviated glutamate-induced excitotoxicity and synaptic dysfunction in HT22 cells via ERBB2/PI3K/AKT pathway, which was abolished by ERBB2 inhibitor AG-825 and PI3K inhibitor LY294002. This study elucidates the neuroprotective mechanism of DTD within AD model rats. DTD improves synaptic dysfunction by reducing hippocampal glutamate concentrations and counteracting glutamate-mediated excitotoxicity via the ERBB2/PI3K/AKT signaling pathway."
42259049,Gold-nanocube-based SERS sensor for accurate detection of Alzheimer's disease biomarkers: Aβ42 and MAO-B.,Chenchen Wang; Xiaolei Song; Diantao Chen; Junyu Su; Yong Wang; Cheng Huang; Wei Wei,"Spectrochimica acta. Part A, Molecular and biomolecular spectroscopy",2026,2026,"Considering the irreversible nature of Alzheimer's disease (AD), early diagnosis is of great importance for AD treatment. Both β-amyloid (Aβ) and monoamine oxidase B (MAO-B) are potential biomarkers for AD. This study developed a surface-enhanced Raman scattering (SERS) sensor using gold-nanocube (OX-AuNCs) to detect Aβ42 and MAO-B. OX-AuNCs, a type of gold-nanocube with open gaps, achieved a Raman enhancement factor of 8.99 × 10<sup>8</sup> due to numerous hot spots. The specific affinity between Thioflavin T (ThT) and Aβ42 inhibits ThT's intramolecular rotation, reducing its SERS signal. This reduced signal showed a linear correlation with Aβ42 concentrations from 66.70 pM to 0.20 μM, achieving a limit of detection (LOD) at 44.30 pM, while also distinguishing different aggregation levels of Aβ42. Interestingly, SERS intensity of phenethylamine (PEA) also decreased significantly when interacting with MAO-B. A linear relationship was found between the change in PEA intensity and MAO-B concentration (0.01-20.00 μg mL<sup>-1</sup>), yielding an LOD of 5.00 ng mL<sup>-1</sup>. The proposed SERS sensor effectively detected two potential AD biomarkers, Aβ42 and MAO-B, in artificial cerebrospinal fluid (ACSF) and human serum with satisfactory recovery rates, respectively. These results show promise for clinical diagnosis and drug screening for AD."
42242142,Lysosome-targeted near-infrared fluorescent probes for monitoring aβ plaques in vivo and aβ monomers dynamic degradation in vitro.,Huiyuan Gong; Zhuangqing Li; Yongmei Zhao; Zihua Wang; Wen Luo,"Spectrochimica acta. Part A, Molecular and biomolecular spectroscopy",2026,2026,"The aggregation of β-amyloid (Aβ) is a central pathological feature of Alzheimer's disease (AD), with its dynamic changes closely linked to disease progression. Lysosomes play a critical role in the clearance and degradation of Aβ, making them an important focus in AD research. In this study, a series of multifunctional lysosome-targeting near-infrared fluorescent probes based on a dicyanoisophorone scaffold were developed to enable simultaneous targeting of lysosomes and monitoring of Aβ aggregates. All probes effectively localized within cellular lysosomes, with NCM-4 demonstrating the most efficient lysosomal targeting, along with high selectivity, specificity, and strong binding affinity toward Aβ aggregates. Both in vivo imaging and ex vivo brain slice staining confirmed that the probe efficiently crossed the blood-brain barrier and selectively accumulated in the brains of APP/PS1 transgenic mice, allowing clear visualization of Aβ plaques. Furthermore, due to its lysosomal localization, NCM-4 enabled real-time tracking of the internalization of FITC-labeled Aβ monomers (<sup>FITC488</sup>Aβ) from the extracellular environment into lysosomes. This capability also allowed monitoring of how autophagy modulation, via chloroquine and rapamycin, influences Aβ clearance within lysosomes. Overall, these probes, particularly NCM-4, provide a valuable platform for AD diagnosis and offer powerful tools for studying lysosome-mediated Aβ clearance mechanisms and therapeutic interventions."
42502354,SpeechDETECT: an explainable automated speech processing pipeline for early detection of neurological and health changes.,Maryam Zolnoori; Elyas Esmaeili; Mehdi Naserian; Ali Zolnour; Sina Rashidi; Tahoura Morovati; Hossein Azadmaleki; Zhihong Zhang; James M Noble; Margaret V McDonald,Health information science and systems,2026,2026,"Early detection of cognitive impairment remains a critical public health challenge. While biomarkers such as neuroimaging and cerebrospinal fluid analyses offer high sensitivity, their limited accessibility hampers widespread screening, especially in underserved settings. Speech-based markers have emerged as promising, noninvasive indicators of cognitive decline. To develop and validate SpeechDETECT, an end-to-end speech-processing pipeline that captures fine-grained acoustic and temporal markers of cognitive impairment and provides interpretable outputs suitable for large-scale screening. SpeechDETECT comprises six modules: (1) noise reduction / amplitude normalization; (2) an eight-domain voice-analysis framework (e.g., frequency parameters, speech fluency); (3) 50 ms segment-level feature extraction; (4) feature visualization; (5) dimensionality reduction / selection (Joint Mutual Information Maximization, LassoNet, PCA); and (6) classifier training with SHapley Additive exPlanations (SHAP). Performance was benchmarked against six acoustic toolkits (e.g., GeMAPS) on two English datasets: the DementiaBank Pitt corpus (train = 166, test = 71) with single cookie-theft picture description task and NIA PREPARE Phase 2 corpus (train = 1 064, test = 267) with multiple speech tasks. A Multi-Layer Perceptron trained on PCA-derived SpeechDETECT features achieved an F1-score = 0.81% and AUC-ROC = 0.80 on the Pitt test set, outperforming the best competing toolkit (AUC = 0.76). On the PREPARE test set-comprising ≤ 30 s recordings from four speech tasks-the same model attained F1 ≈ 0.67% and AUC-ROC = 0.70<b>,</b> demonstrating good generalizability. Cumulative-gains analysis showed that screening the top 40% of ranked participants captured ~ 70% of cognitively-impaired (CI) cases in Pitt and ~ 63% in PREPARE. SHAP revealed speech-fluency metrics (hesitation rate, pause ratio) and high-frequency formant dynamics as the most discriminative features. SpeechDETECT delivers accurate (AUC up to 0.80) and interpretable detection of early cognitive impairment across both structured and multi-task speech settings. Its fully automated, domain-informed approach enables scalable, speech-based screening and provides a foundation for multimodal systems that combine acoustic markers with clinical or biomarker data to further improve diagnostic precision<i>.</i> The SpeechDETECT toolkit is openly available on GitHub at https://github.com/SpeechCARE/SpeechDETECT-Toolkit for researchers and clinicians. A demo tutorial video showing pipeline usage is available at https://github.com/SpeechCARE/SpeechDETECT-Toolkit/blob/main/SpeechDETECT.mp4."
42472451,"A systematic review of neuroimaging studies of adults aged 35 and older with clinical, symptomatic and genetic risk for attention-deficit/hyperactivity disorder.",Natalia G Docteur; Hayley G P Huston; Avery A Krupa; Brandy L Callahan,Dialogues in clinical neuroscience,2026,2026,"Attention-deficit/hyperactivity disorder (ADHD) affects 2.5% of adults and is associated with cognitive decline and dementia. The neurobiological mechanisms contributing to adverse outcomes in ADHD are poorly understood. ADHD-related brain alterations may persist into later life and interact with ageing-related processes, potentially increasing susceptibility to neuropathology. This preregistered systematic review synthesised neuroimaging findings in adults aged 35 years and older with clinical, symptomatic, or genetic risk for ADHD, and summarised cognitive and clinical correlates. A search of five databases produced 13 included studies. Risk of bias was assessed using the Newcastle-Ottawa Scale. Most studies (11/13) had low risk of bias. Compared to controls, ADHD groups exhibited alterations in fronto-striatal, fronto-parietal, and limbic systems implicated in executive control and attention. Middle-aged adults with clinical ADHD showed more widespread cortical structural differences, whereas older adults demonstrated abnormalities primarily in frontal regions, possibly reflecting attenuation of differences through ageing. Two functional studies in those with clinical ADHD reported frontal hypoactivation alongside parietal hyperactivation, consistent with compensatory recruitment. Among undiagnosed samples, there were interactions between genetic risk for ADHD and Alzheimer's disease-related pathology affecting brain and cognitive outcomes. Overall, ADHD-associated neurobiological alterations appear to persist into older age. Longitudinal investigations are needed to clarify these relationships."
42440553,Hybridization of fuzzy logic based relevance vector and multi kernel image enhancement for Alzheimer's disease diagnosis.,V R Dhivyabharathi; S Suresh Kumar,Health information science and systems,2026,2026,"Alzheimer's disease (AD) is a progressive neurological disorder impacting a significant segment of the global population. Magnetic resonance imaging (MRI) is used to visualize brain structures and detect changes associated with AD. Early detection remains a major challenge, particularly for multiclass classification of disease severity. This paper presents an integrated hybrid framework for AD diagnosis combining Variational Mode Decomposition, fuzzy clustering, and multi-kernel learning. The proposed method comprises: (i) Variational Mode and Non-convex Optimized pre-processing for noise removal, (ii) Fuzzy Relevance Vector Machine-based segmentation to identify regions of interest, and (iii) Multi-Kernel SVM based clustering for classifying mild, moderate, and non-demented cases. The framework is validated on the Alzheimer's Disease Multiclass Images Dataset. Performance is evaluated using peak signal-to-noise ratio (PSNR), segmentation accuracy, training time, and precision. The results demonstrate that systematic integration of these established techniques achieves competitive performance, with average PSNR of 28.45 dB, segmentation accuracy of 91%, and precision of 90.6%."
42438681,TF-JointMAE: a self-supervised multi-representation EEG learning framework for Alzheimer's disease spectrum classification.,Min Zuo; Hong Zhu; Zhenqiao Liu; Qingchuan Zhang; Shaoyi Song,Cognitive neurodynamics,2026,2026,"Accurate identification of Alzheimer's disease (AD) and its early stages, namely subjective cognitive decline (SCD) and mild cognitive impairment (MCI), is crucial for timely intervention. Electroencephalography (EEG) is widely used for AD assessment due to its non-invasiveness and high temporal resolution; however, its non-stationarity, noise interference, and individual variability make classification more difficult. To address this, this paper proposes a self-supervised learning framework, TF-JointMAE (Temporal-Frequency Joint Masked Autoencoder), that jointly models temporal and time-frequency representations of EEG and incorporates age information as a conditional physiological prior within a unified embedding space. By performing self-supervised masked autoencoder pre-training on multiple public EEG datasets, the model learns consistent and robust EEG representations, thereby improving AD-spectrum classification under limited-label conditions. On the publicly available CAUEEG dataset (Normal, SCD, MCI, Dementia) and the olfactory EEG dataset (Normal, MCI, Dementia), TF-JointMAE achieved test accuracies of 77.97% and 96.43%, respectively, and demonstrated higher discriminative stability in the MCI category. Further occlusion-sensitivity analysis revealed that the model showed varying sensitivity to EEG channels and time-frequency regions across cognitive states. These results demonstrate that TF-JointMAE effectively improves the robustness of EEG representations, providing potential auxiliary support for AD-spectrum classification and clinical decision-making. All source code is publicly available to support reproducibility (https://github.com/redpig-zhu/TF-JointMAE). The online version contains supplementary material available at 10.1007/s11571-026-10501-8."
42437010,Relation between voxel-based specific regional analysis system for Alzheimer's disease (VSRAD) on 3-tesla MRI and cognitive performances: Practical application in clinical settings.,K Igase; M Igase; H Matsuda; J Hara; J R Bock; K Sadamoto; W R Shankle,IBRO neuroscience reports,2026,2026,"Voxel-based specific regional analysis system for Alzheimer's disease (<b>VSRAD</b>) software using MRI scanner allows quantification of hippocampal and parahippocampal atrophy in the medial temporal structures by Z-score, and this score is widely used in clinical Alzheimer's disease (<b>AD</b>) diagnosis. However, it is unclear whether the Z-score is useful to discriminate normal aging from cognitive impairment (<b>CI</b>) or mild cognitive impairment (<b>MCI</b>). The present study examined the associations between VSRAD Z-score and cognitive performance quantified by Memory Performance Index (<b>MPI</b>) and determined a Z-score cut-off value. Three-tesla brain MRI was conducted in 100 outpatients without dementia, and all MRI data were analyzed using VSRAD. The target region of interest (<b>ROI</b>) mainly consisted of the para hippocampal gyrus. The degree of atrophy in the ROI was obtained from the averaged positive Z-score of the ROI. Cognitive performance was evaluated with the Japanese version of the MCI screen (<b>MCIS</b>). Patients were classified into normal (<b>NL</b>) and below normal (<b>BNL</b>) cognitive groups by MPI. The relation between MPI and VSRAD Z-score were assessed with logistic regression analysis, and the cut-off value for Z-score was determined by receiver operating characteristic curve analysis. Sixty-two percent (62%) were identified as the BNL group by MPI. Univariate analyses found that the BNL group had a significantly higher age, shorter years of education, and higher Z-score in VSRAD compared to the NL group, but no statistically significant difference was observed between genders. Bivariate correlation found that MPI, which is adjusted for age, gender, and years of education, was significantly correlated with Z-score assessed by VSRAD (Pearson's <i>r</i> = -0.52, <i>p</i> < .001). A subsequent logistic regression of VSRAD Z-score on BNL classification was used to generate a receiver operating characteristic curve (AUC = 0.75). The Youden index was applied to identify a cut-off value of VSRAD Z-score of 1.14 (sensitivity = 62.9%; specificity = 84.2%) to classify MPI < 50.2 (BNL) with overall accuracy of 73.5%. VSRAD Z-score using VSRAD software was one independent factor significantly associated with cognitive performance measured by MPI. The determination of a cut-off value for Z-score (1.14) that can help discriminate normal patients from those with MCI."
42428048,Interpretable feature-transformer framework for cross-subject MCI detection using nonlinear dynamical and graph-theoretic EEG features.,Hadi Azizpour Lindi; Reza Shalbaf; Ahmad Shalbaf; Mohsen Sadatshahabi; Peyman Abharian,Cognitive neurodynamics,2026,2026,"Early and accurate detection of Mild Cognitive Impairment (MCI) is essential for preventing progression toward Alzheimer's disease (AD). In this cross-subject study, we investigate the effectiveness of entropy- and graph-based EEG features for distinguishing MCI from healthy controls (HC), using two modeling approaches: (1) a Transformer network applied to the engineered feature set, and (2) an EEGNet model trained on the same feature representation for comparison. The dataset consists of resting-state, eyes-closed EEG recordings from 183 participants (127 HC, 56 MCI), collected using a 20-channel STAT<sup>™</sup> X24 wireless system and segmented into 3-second epochs. EEG data underwent standard preprocessing, including band-pass filtering, downsampling, normalization, and class-balancing augmentation applied to the minority class. From each channel, nonlinear dynamical measures (e.g., sample and fuzzy entropy, Higuchi fractal dimension, Lyapunov exponent) and graph-theoretic connectivity descriptors derived from coherence matrices across five frequency bands were extracted, yielding a structured 19[Formula: see text]77 feature representation. The feature-based Transformer achieved the best performance (97.04% ± 0.72), outperforming the feature-based EEGNet baseline and highlighting the benefits of combining rich handcrafted features with attention-based modeling. SHAP (SHapley Additive exPlanations) analysis provided global and local interpretability, revealing the most influential nonlinear and connectivity features as well as the EEG channels contributing most to classification. Overall, these results demonstrate the effectiveness of feature-Transformer integration and support the potential of interpretable feature-driven deep learning models for early MCI detection."
42428045,Diagnosis of Alzheimer's disease from neuroimages using steerable quantum probabilistic hamiltonian generative modeling with adaptive chaotic satin bowerbird optimization.,Kapil Aggarwal; V Ramu; K Padmanaban; B Hemalatha,Cognitive neurodynamics,2026,2026,"Alzheimer's Disease (AD) is a disease of the brain that lowers quality of life due to cognitive impairment. A correct diagnosis is therefore essential for timely interventions and follow-up care for executives. However, existing deep learning methodologies for neuroimage-based diagnosis seriously lack reliability due to decreased accuracy and increased false positive rates, both of which can lead to misdiagnosis and suboptimal care planning. This study proposed an innovative Steerable Quantum Probabilistic Hamiltonian Generative Modeling with Adaptive Chaotic Satin Bowerbird Optimization (SQPHGM-ACSBO) framework for diagnosing AD using neuroimages within the ADNI dataset. A total of 5,154 neuroimages from the ADNI dataset were utilized in this study, comprising 2,590 MCI, 1,124 AD, and 1,440 cognitively normal (CN) samples. The process begins with image enhancement via an Adaptive Self-Guided Loop Filter, followed by precise brain region segmentation with GoogLeNet Inception-v3, and advanced feature extraction using a new Discrete Cosine-Krawtchouk-Tchebichef Transform (DCKTT). Classification is performed using the SQPHGM model, which combines the strengths of Steerable Transformers and Quantum-Probabilistic Hamiltonian Learning to model complex neuroimaging patterns, while the Adaptive Chaotic Satin Bowerbird Optimization (ACSBO) algorithm optimizes classification performance. With 99.9% accuracy and 99.8% precision, the suggested method outperforms current methods and provides a dependable, high-performance solution for AD diagnosis from neuroimaging data, according to experimental results. The main innovation of this work is the all-in-one optimization of steerable transformer-based directional feature learning, quantum-probabilistic Hamilton generator modeling, and adaptive-chaotic satin bowerbird optimization integrated within a single diagnostic pipeline, which allows for representing the complicated neuroimaging patterns better, and the convergence stability is also increased, compared to the previous deep learning-based Alzheimer diagnosis models."
42422260,The effects of <i>Saccharomyces boulardii</i> on TLR4/NF-κB neuroinflammatory pathway in the hippocampus of LPS-induced rats.,Masoume Akhbari; Fatemeh Babaei; Ava Navidi-Moghaddam; Shiva Ghafghazi; Fatemeh Khodabandehloo; Mohammad Reza Sarookhani; Leila Dargahi; Ghazaleh Mohammadi; Marjan Nassiri-Asl,IBRO neuroscience reports,2026,2026,"<i>Saccharomyces boulardii</i> (Sb), a probiotic yeast, is known for its positive effects on gastrointestinal and metabolic health. Recent research has explored its potential to influence neurological conditions by modulating neuroinflammatory responses via the gut-brain axis. Toll-like receptor 4 (TLR4) is recognized as a key molecular target in regulating neuroinflammation, particularly in disorders like Alzheimer's disease (AD). This study investigated whether Sb could alleviate downstream elements of the TLR4 neuroinflammatory pathway in a lipopolysaccharide (LPS)-induced rat model relevant to AD. Rats were randomly assigned to four groups: 1) control, 2) LPS, 3) Sb + LPS, and 4) Sb alone. All groups received either normal saline or Sb (a volume of 1 ml containing 10 ¹⁰ CFU) by oral gavage for four weeks. From day 14, LPS (250 μg/kg/day) or saline was administered intraperitoneally for nine days. Researchers assessed spatial memory, levels of TLR4 pathway-associated proteins in the hippocampus, pro-inflammatory cytokine expression, and neuronal survival using Nissl staining. The results showed that pre-treatment with Sb partially ameliorated spatial learning deficits, significantly reducing the LPS-induced elevation of nuclear factor kappa B (NF-κB) and interleukin-1β (IL-1β) in the hippocampus and protecting against neuronal loss in the hippocampal CA1 region. Sb mitigates LPS-induced neuroinflammation by modulating downstream elements of the TLR4 pathway-specifically NF-κB and IL-1β-rather than acting directly on the TLR4 receptor, likely through mechanisms involving the gut-brain axis."
