PMID,Title,Authors,Journal,Year,Journal_Year,Abstract
35817592,Clinical characteristics of patients with dizziness/vertigo showing a dissociation between caloric and video head impulse test results.,Xiang Li; Xia Ling; Zheyuan Li; Ning Song; Xiahong Ba; Bo Yang; Xu Yang; Rubo Sui,"Ear, nose, & throat journal",2022,2025,"ObjectiveTo explore the clinical characteristics of patients with dizziness/vertigo who showed a dissociation between the results of the caloric test and video head impulse test (vHIT).MethodsA total of 327 patients who complained of dizziness/vertigo were continuously included. All patients underwent both the horizontal vHIT (h-vHIT) and caloric tests. Of the 327 patients, 69 patients showed a dissociation between the results of the two tests, 4 patients were excluded because the interval between the two tests exceeded 7 days. Finally, 65 patients were included in the analysis.ResultsAmong the 65 patients, 55 (84.6%) patients showed a positive caloric test (+) with a negative h-vHIT (-), and 10 (15.4%) patients showed a negative caloric test (-) with a positive h-vHIT (+). Peripheral and central lesions were identified in 50 (90.9%) and 5 (9.1%) patients, respectively, in the caloric test (+)/h-vHIT (-) group; and central lesions were found in 6 (60%) patients in caloric test (-)/h-vHIT (+) group. The etiologies were unilateral peripheral vestibular dysfunction (n = 25), Meniere's disease (MD, n = 10), sudden hearing loss with vertigo (SHLV, n = 7), benign paroxysmal positional vertigo (n = 5), vestibular neuritis (n = 2), autoimmune inner ear disease (n = 1), vestibular migraine (VM, n = 3), multiple sclerosis (n = 1), and multiple system atrophy (n = 1) in the caloric test (+)/h-vHIT (-) group, which were SHLV (n = 3), MD (n = 1), VM (n = 1), episodic ataxia type 2 (n = 1), cerebellopontine angle tumor (N = 1), Parkinson's disease (n = 1), Persistent postural perceptual dizziness (n = 1), and posterior circulation ischemia (n = 1) in the caloric test (-)/h-vHIT (+) group.ConclusionDissociation between the results of caloric test and h-vHIT is not uncommon. A positive caloric test with a negative h-vHIT occurred more frequently, and these patients mostly had peripheral vestibular lesions; while a negative caloric test with a positive h-vHIT was unusual, these patients had both peripheral and central lesions."
35698811,Apigenin alleviates neuroinflammation in a mouse model of Parkinson's disease.,Gul Fatma Yarim; Filiz Kazak; Murat Yarim; Mahmut Sozmen; Bugra Genc; Ali Ertekin; Ayris Gokceoglu,The International journal of neuroscience,2022,2025,"The aim of this study is to evaluate the effect of apigenin on inflammatory response in brain tissue in Parkinson's mouse model. Parkinson's disease model was induced by 1-methyl-4-phenyl-1,2,3,6-tetrahydropyridine (MPTP). Sixty 8-10-weeks-old male C57BL/6 mice were randomly divided into four groups control, Parkinson, prophylaxis, and treatment. Control (0.9% NaCl 0.5 ml, 10 days, i.p.), Parkinson (25 mg/kg MPTP, 5 days, i.p.), prophylaxis (50 mg/kg apigenin, 5 days + 25 mg/kg MPTP, 5 days, i.p.), and treatment (25 mg/kg MPTP, 5 days + 50 mg/kg apigenin, 5 days). The expressions and protein levels of tumor necrosis factor-alpha (TNF-α), interleukin-1-beta (IL-1β), IL-6, IL-10, and transforming growth factor-beta (TGF-β) were determined using immunohistochemistry and enzyme-linked immunosorbent analysis. Apigenin administration attenuated MPTP-induced histopathological changes in brain tissue. Furthermore, apigenin reversed the changes in expressions and concentrations of TNF-α, IL-1β, IL-6, IL-10, and TGF-β. This study suggests that apigenin could be used as a neuroprotective option to attenuate neuroinflammation in Parkinson's disease."
36106864,"Dropped head syndrome in a patient with Parkinson's disease and inflammatory myopathy, treated with sternocleidomastoid release and circumferential cervical fusion.",Yingda Li; Gregory Basil; Steven Vanni,British journal of neurosurgery,2022,2025,"Dropped head syndrome (DHS) is a recently recognised cause of cervical spinal deformity and disability. The combination of Parkinson's disease (PD) and inflammatory myopathy in the genesis of DHS has not been previously reported. Furthermore, the optimal surgical treatment of progressive DHS remains undefined. We report the case of a 64-year-old patient with severe DHS and coronal plane deformity secondary to underlying PD, precipitated by a focal paraspinal myositis, successfully corrected using asymmetric sternocleidomastoid (SCM) release and circumferential cervical fusion. The nuances of decision-making in this challenging patient population are highlighted, including the benefits of intraoperative traction, anterior column reconstruction and bicortical screw fixation. Postoperatively, significant reductions in pain and disability were achieved, along with restoration of cervical lordosis (CL), C2-7 sagittal vertical axis (CSVA) and chin-brow vertical angle (CBVA). Circumferential cervical fusion with concomitant SCM release is a useful option in the treatment of recalcitrant DHS with biplanar deformity, addressing the unique biomechanical and endocrinological challenges posed by patients with underlying PD."
36412487,Which motor-cognitive abilities underlie the digital Trail-Making Test? Decomposing various test scores to detect cognitive impairment in Parkinson's disease-Pilot study.,Soo-Yong Park; Nadja Schott,Applied neuropsychology. Adult,2022,2025,"Since Parkinson's disease (PD) is a heterogeneous disorder with symptoms, such as tremors, gait and speech disturbances, or memory loss, individualized diagnostics are needed to optimize treatment. In their current form, the typical paper-pencil methods traditionally used to track disease progression are too coarse to capture the subtleties of clinical phenomena. For this reason, digital biomarkers that capture, for example, motor function, cognition, and behavior using apps, wearables, and tracking systems are becoming increasingly established. However, given the high prevalence of cognitive impairment in PD, digital cognitive biomarkers to predict mental progression are important in clinical practice. This pilot study aimed to identify those components of our digital version of the TMT (dTMT) that allow discrimination between PD patients with and without cognitive deficits. A total of 30 healthy control (age 66.3 ± 8.61) and 30 participants with PD (age 68.3 ± 9.66) performed the dTMT using a touch-sensitive tablet to capture enhanced performance metrics, such as the speed between and inside circles. The decomposition of cognitive abilities based on integrating additional variables in the dTMT revealed that the Parkinson's disease group was significantly more sensitive to parameters of inhibitory control. In contrast, the mild cognitive impairment group was sensitive to parameters of cognitive flexibility and working memory. The dTMT allows objective, ecologically valid, and long-term cognitive and fine-motor performance tracking, suggesting its potential as a digital biomarker in neurodegenerative disorders."
36409466,From pleasure to punding: Distinct patterns of anhedonia and impulsivity linked to motivational disturbances in Parkinson disease.,Bonnie M Scott; Robert S Eisinger; Amtul-Noor Rana; Jared F Benge; Robin C Hilsabeck; Michael S Okun; Aysegul Gunduz; Dawn Bowers,Applied neuropsychology. Adult,2022,2025,"Apathy and impulse control disorders (ICD) are common comorbid motivational syndromes in Parkinson disease (PD). This study aimed to determine if patients with these motivational disturbances exhibit different patterns of anhedonia and trait impulsivity. Sixty-four non-demented patients with PD completed questionnaires assessing apathy and ICD symptoms, which were used to classify participants into one of the following groups: apathy only, ICD only, both, and neither. Participants also completed multidimensional measures of anhedonia and trait impulsivity, which were compared across groups defined by motivational status. Individuals with both apathy and ICD had significantly greater symptoms of positive and negative urgency than all other groups and had significantly greater consummatory anhedonia and lack of premeditation and perseverance than those with ICD only and neither. Patients with apathy only also reported significantly greater anticipatory anhedonia than those with ICD only and the neither group. There were no significant between-group differences in sensation seeking. Distinct patterns of impulsivity and anhedonia characterize unique behavioral phenotypes of motivational disturbances in PD and may reflect important differences in the underlying neurobiological mechanisms. Clinicians should be aware that motivational disturbances may be more severe in cases where apathy co-occurs with one or more ICD."
36272532,Barcelona scale for buccophonatory apraxia: Quantitative assessment tool.,N Montagut; S Borrego-Écija; J Herrero; A Lladó; M Balasa; E Muñoz; F Valldeoriola; R Sánchez-Valle,Neurologia,2022,2025,"Currently there is no tool to quantify buccophonatory apraxia to stratify, compare and monitor patients longitudinally in an objective manner. Our aim in this study is to create a quantitative scale for buccophonatory apraxia and evaluate it in patients with the non-fluent/grammatical variant of primary progressive aphasia (nfvPPA) and other neurodegenerative diseases that occur with speech and/or language problems. The scale was designed based on useful elements in the assessment of buccophonatory apraxia and the total was quantified in seconds. The scale was administered to 64 participants with diagnoses of: nfvPPA, semantic variant of primary progressive aphasia (svPPA), logopenic variant of primary progressive aphasia (lvPPA), Huntington's disease, Parkinson's disease, as well as a group of healthy controls. Patients showed a significantly higher score compared to controls. The nfvPPA group had the highest mean score on the scale (429 seconds ± 278). The scale was useful to differentiate vnfPPA from svPPA and Parkinson's disease (area under curve [AUC] of 0.956 and 0.989, respectively), but less to differentiate it from Huntington's disease (AUC = 0.67) and lvPPA. There was a statistically significant relationship between total score and disease severity in nfvPPA (P < .029). The Barcelona scale for buccophonatory apraxia could be useful to quantitatively evaluate buccophonatory apraxia in different neurodegenerative diseases, and compare patients, especially in nfvPPA."
35943279,Assessing and Building Clinical Competence in Occupational Therapists Treating Patients with Neurodegenerative Disease: A Community of Practice Study.,Scott G Rushanan; Dawn M Nilsen; Lenin Grajo; Kevin Caroll,Occupational therapy in health care,2022,2025,"Communities of practice (CoPs) can be an effective means by which to efficiently build skills, knowledge, and competence for occupational therapists. The objective of this study was to assess changes in clinical competence for occupational therapists treating patients with neurodegenerative diseases (NDD) after participating in a CoP. A cohort of home health occupational therapists was recruited to participate in a seven-week CoP focused on treating patients with NDD. A single group pretest posttest mixed methods design was used to measure changes in clinical competence of the participants through a validated self-report assessment tool and a qualitative analysis of treatment summaries. Thirteen occupational therapists participated in the study. There were significant changes in pretest and post-test knowledge, beliefs, and action scores, indicating a positive change in the participants' competence to treat patients with NDD. Qualitative findings support positive changes in clinical competence through increased knowledge, confidence, and use of interventions aimed at optimizing occupational performance for this population. In summary, the CoP was an effective method for building clinical competence for treating patients with NDD with this cohort of occupational therapists."
36208039,Neuroprotective role of coconut oil for the prevention and treatment of Parkinson's disease: potential mechanisms of action.,Deepika N P; Mohammed Shameer Kondengadan; Sherouk Hussein Sweilam; Md Habibur Rahman; K M Muhasina; Puja Ghosh; Divya Bhargavi; Divya Jyothi Palati; Fathi Maiz; B Duraiswamy,Biotechnology & genetic engineering reviews,2022,2024,"Neurodegenerative disease (ND) is a clinical condition in which neurons degenerate with a consequent loss of functions in the affected brain region. Parkinson's disease (PD) is the second most progressive ND after Alzheimer's disease (AD), which affects the motor system and is characterized by the loss of dopaminergic neurons from the nigrostriatal pathway in the midbrain, leading to bradykinesia, rigidity, resting tremor, postural instability and non-motor symptoms such as cognitive declines, psychiatric disturbances, autonomic failures, sleep difficulties, and pain syndrome. Coconut oil (CO) is an edible oil obtained from the meat of <i>Cocos nucifera</i> fruit that belongs to the palm family and contains 92% saturated fatty acids. CO has been shown to mediate oxidative stress, neuroinflammation, mitochondrial dysfunction, apoptosis and excitotoxicity-induced effects in PD in various <i>in vitro</i> and <i>in vivo</i> models as a multi-target bioagent. CO intake through diet has also been linked to a decreased incidence of PD in people. During digestion, CO is broken down into smaller molecules, like ketone bodies (KBs). The KBs then penetrate the blood-brain barrier (BBB) and are used as a source of energy its ability to cross BBB made this an important class of natural remedies for the treatment of ND. The current review describes the probable neuroprotective potential pathways of CO in PD, either prophylactic or therapeutic. In addition, we briefly addressed the important pathogenic pathways that might be considered to investigate the possible use of CO in neurodegeneration such as AD and PD."
35676101,Effects of Resonance Tube Voice Therapy on Parkinson's Disease: Clinical Trial.,Ana Paula Dos Santos; Michelle Shevon Troche; Giédre Berretin-Felix; Fabio Augusto Barbieri; Alcione Ghedini Brasolotto; Kelly Cristina Alves Silverio,Journal of voice : official journal of the Voice Foundation,2022,2024,"To verify the effect of resonance tube voice therapy on the vocal aspects of patients with Parkinson's Disease (PD). Intra-subject comparative controlled clinical trial with a single group assignment. Fourteen individuals with PD (10 men, mean age 66.1 years; four women, mean age 73.75 years) received eight 45-minute sessions of voice therapy, twice a week for 4 weeks. The therapy consisted of semi-occluded vocal tract exercises - phonation method in a resonance tube (glass, 27 cm x 9 mm) in water. Tube depth in water ranged from 2 cm to 9 cm, as the difficulty in carrying out the exercises increased (usual pitch, high pitch, low pitch, ascending/descending glissandos), followed by sentence production. The assessments were made three times: at baseline (Time0), after 30 days without intervention (Time1), and 1 day after eight intervention sessions (Time2). The following aspects were assessed: vocal intensity; acoustic parameters (Smoothed Cepstral Peak Prominence - CPPs, alpha ratio, and L1-L0 difference); auditory-perceptual analysis of the overall degree of vocal quality deviation; voice symptoms (Voice Symptom Scale protocol - VoiSS) and voice-related quality of life (Voice-Related Quality of Life Protocol - V-RQOL). The results were compared at the three times of assessment Time0/Time1/Time2 using one-way repeated measures ANOVA test and Tukey test (5% significance). intervention significantly increased: vocal intensity, L1-L0 value of vowel /a/ and counting, CPP value in counting, and decreased: the overall degree of vocal quality deviation in 78% of participants, the total score of VoiSS protocol, the limitation, and emotional subscales. In addition, the intervention increased the score of all the domains of V-RQOL protocol - physical, socio-emotional, and total. Resonance tube phonation in voice therapy was effective in increasing vocal intensity and long-term acoustic parameters, the improved overall degree of vocal quality, reducing voice symptoms, and increasing voice-related quality of life in individuals with PD."
35450735,The Acoustic Voice Quality Index (AVQI) in People with Parkinson's Disease Before and After Intensive Voice and Articulation Therapies: Secondary Outcome of a Randomized Controlled Trial.,Gemma Moya-Galé; Jennifer Spielman; Lorraine A Ramig; Luca Campanelli; Youri Maryn,Journal of voice : official journal of the Voice Foundation,2022,2024,"The majority of individuals with Parkinson's disease (PD) experience voice and speech problems during the course of the disease. Despite the importance of voice quality in communication and the documented disordered voice quality in PD, few studies have explored the effects of speech treatment on this variable. A parallel arm, unblinded randomized controlled trial (RCT) was conducted with two active comparators, LSVT LOUD (n = 23) and LSVT ARTIC (n = 20), and an inactive comparator group of untreated individuals with PD (n = 22). A group of 20 healthy adults was also included for pre-treatment analysis. Voice recordings were obtained pre-treatment, immediately post-treatment and at 6-month follow-up. The acoustic voice quality index (AVQI) is reported here as a secondary outcome measure of the RCT. Linear mixed-effects regression analysis was performed with AVQI and sound pressure level (SPL) as dependent variables. Pearson correlation coefficient analysis was also conducted to explore the relationship between voice quality and SPL. Statistically significant improvements in AVQI and SPL from pre-treatment to post-treatment and follow-up were only observed in the LSVT LOUD group. Voice quality significantly improved only from pre-treatment to follow-up in the LSVT ARTIC group, whilst significant improvements in SPL were observed during maximum phonation only immediately post-treatment. No significant changes were observed in the untreated group. This study investigated the effects of intensive speech treatment targeting voice or targeting articulation on voice quality, as measured by the AVQI, in individuals with PD. Findings indicate that voice-focused treatment leads to greater improvements in voice quality in this population."
35931087,Neurocognitive functioning of patients with early-stage Parkinson's disease.,Anna Theresa Magnante; Anna Shirokova Ord; Jamie A Holland; Scott W Sautter,Applied neuropsychology. Adult,2022,2024,"Parkinson's disease (PD) is a neurological disorder commonly associated with motor deficits. However, cognitive impairment is also common in patients with PD. Cognitive concerns in PD may affect multiple domains of neurocognition and vary across different stages of the disease. Extant research has focused mainly on cognitive deficits in middle to late stages of PD, whereas few studies have examined the unique cognitive profiles of patients with early-stage PD. This study addressed this gap in the published literature and examined neurocognitive functioning and functional capacity of patients with de novo PD, focusing on the unique pattern of cognitive deficits specific to the early stage of the disease. Results indicated that the pattern of cognitive deficits in patients with PD (<i>n</i> = 55; mean age = 72.93) was significantly different from healthy controls (<i>n</i> = 59; mean age = 71.88). Specifically, tasks related to executive functioning, attention, and verbal memory demonstrated the most pronounced deficits in patients with early-stage PD. Clinical implications of these findings are discussed."
35689301,Impaired processing of conspecifics in Parkinson's disease.,Luca Piretti; Sonia Di Tella; Maria Rita Lo Monaco; Valentina Delle Donne; Raffaella Ida Rumiati; Maria Caterina Silveri,Applied neuropsychology. Adult,2022,2024,"Experimental evidence indicates that the inferior frontal gyrus (IFG) processes emotional/affective features crucial to elaborate knowledge about social groups and that knowledge of social concepts is stored in the anterior temporal lobe (ATL).We investigated whether knowledge about social groups is impaired in Parkinson's disease (PD), in which dysfunctional connectivity between IFG and ATL has been demonstrated.PD patients (<i>N</i> = 20) and healthy controls (HC, <i>N</i> = 16) were given a lexical decision task in a semantic priming paradigm: the prime-targets included 144 words and 144 pseudowords, each preceded by three types of prime (""animals,"" ""things,"" ""persons""). Out of these 288 prime-targets, forty-eight were congruent (same category) and 96 incongruent (different category). Out of 48 congruent prime-targets, 24 denoted social items and 24 nonsocial items. Thus, four types of trials were obtained: congruent social; congruent nonsocial; incongruent social; incongruent nonsocial.Congruent target-words were recognized better than incongruent target-words by all groups. The semantic priming effect was preserved in PD; however, accuracy was significantly lower in PD than in HC in social items. No difference emerged between the two groups in nonsocial items.Impaired processing of words denoting social groups in PD may be due to impairment in accessing the affective/emotional features that characterize conceptual knowledge of social groups, for the functional disconnection between the IFG and the ATL."
35393167,Effects of Age and Parkinson's Disease on the Relationship between Vocal Fold Abductory Kinematics and Relative Fundamental Frequency.,Jennifer M Vojtech; Cara E Stepp,Journal of voice : official journal of the Voice Foundation,2022,2024,"This study reports on two experiments to examine vocal fold abduction and its relationship with relative fundamental frequency (RFF), considering two attributes that have been shown to elicit group differences in RFF: age (Experiment 1) and Parkinson's disease (PD; Experiment 2). For both experiments, simultaneous acoustic and nasendoscopic recordings were collected as participants produced the utterance, /ifi/. RFF values were computed from the acoustic signal, whereas abduction duration and glottic angle at voicing offset were identified from the laryngoscopic images. In Experiment 1, 50 speakers with typical voices (18-83 years) were analyzed to examine (1A) the effects of speaker age on individual outcome measures (RFF, abduction duration, glottic angle) via Pearson's correlation coefficients, and (1B) the effects of abductory measures and age on RFF via an analysis of covariance. In Experiment 2, 20 speakers with PD and 20 matched controls were analyzed to examine (2A) the effects of group (with/without PD) on outcome measures via an analysis of variance, and (2B) the relationship of RFF with abduction duration, glottic angle, and age when considering group via an analysis of covariance. Age demonstrated a significant, negative relationship with glottic angle (1A) but was not a significant factor when examining the relationship of vocal fold abduction and RFF (1B). Speaker group (with/without PD) demonstrated a significant effect on measures of RFF and abduction duration (2A) but was not a significant factor when examining the relationship of vocal fold abduction and RFF (2B). RFF is sensitive to changes in vocal fold abductory patterns during devoicing, irrespective of speaker age or PD status."
36514978,Implications of p53 in mitochondrial dysfunction and Parkinson's disease.,Yi-Fan Wang; Ying-Di Wang; Song Gao; Wei Sun,The International journal of neuroscience,2022,2024,"<b>Purpose:</b> To study the underlying molecular mechanisms of p53 in the mitochondrial dysfunction and the pathogenesis of Parkinson's disease (PD), and provide a potential therapeutic target for PD treatment. <b>Methods:</b> We review the contributions of p53 to mitochondrial changes leading to apoptosis and the subsequent degeneration of dopaminergic neurons in PD. <b>Results:</b> P53 is a multifunctional protein implicated in the regulation of diverse cellular processes via transcription-dependent and transcription-independent mechanisms. Mitochondria are vital subcellular organelles for that maintain cellular function, and mitochondrial defect and impairment are primary causes of dopaminergic neuron degeneration in PD. Increasing evidence has revealed that mitochondrial dysfunction-associated dopaminergic neuron degeneration is tightly regulated by p53 in PD pathogenesis. Neurodegenerative stress triggers p53 activation, which induces mitochondrial changes, including transmembrane permeability, reactive oxygen species production, Ca2+ overload, electron transport chain defects and other dynamic alterations, and these changes contribute to neurodegeneration and are linked closely with PD occurrence and development. P53 inhibition has been shown to attenuate mitochondrial dysfunction and protect dopaminergic neurons from degeneration under conditions of neurodegenerative stress. <b>Conclusions:</b> p53 appears to be a potential target for neuroprotective therapy of PD."
36453937,"Pharmacological approach using doxycycline and tocopherol in rotenone induced oxidative stress, neuroinflammation and Parkinson's like symptoms.",Shamsher Singh; Kanupriya Chauhan,The International journal of neuroscience,2022,2024,"Parkinson's disease (PD) is a second most common neurodegenerative disorder characterized by the selective and progressive degeneration of dopaminergic neurons in substantia nigra pars compacta. Rotenone is a neurotoxin which selectively degenerate dopaminergic neurons in striatum, leading to cause PD like symptoms. Rotenone was administered at a dose of 1.5 mg/kg, i.p. from day 1 to day 40. Treatment with doxycycline (50 and 100 mg/kg, p.o), tocopherol (5 mg and 10 mg/kg, p.o) alone, doxycycline (50 mg/kg, p.o) in combination with tocopherol (10 mg/kg, p.o), and ropinirole (0.5 mg/kg, i.p.) was given for 40 days 1 h prior to administration of rotenone. All behavioral parameters were analyzed on weekly basis. On day 41, animals were sacrificed and the striatum region was isolated for neurotransmitters estimation (dopamine, serotonin, norepinephrine, GABA and glutamate), biochemical analysis (GSH, nitrite, LPO, mitochondrial complexes I and IV), inflammatory markers estimation (IL-6, IL-1β and TNF-α) and activity of MAO-A, MAO-B. Doxycycline and tocopherol in combination significantly attenuated behavioral, neurotransmitters and biochemical alterations induced by rotenone in experimental rats as compared to alone treatment with DOX and TOCO. Similarly, DOX and TOCO combination significantly reduced the level of inflammatory markers, prevented the biochemical changes, decreased MAO-A and MAO-B and improved complex-I, complex-IV, cAMP levels significantly. The current study revealed that a combination of doxycycline with tocopherol contributed to the prevention of PD like symptoms in rats by antioxidant, anti-inflammatory, MAO inhibitory and neuromodulatory mechanisms."
36271968,"Outcomes in Infants with Supraventricular Tachycardia: Risk Factors for Readmission, Recurrence and Ablation.",Daniel Vari; Nicholas Kurek; Huaiyu Zang; Jeffrey B Anderson; David S Spar; Richard J Czosek,Pediatric cardiology,2022,2024,"Supraventricular tachycardia (SVT) is the most common arrhythmia in infants. Once diagnosed, infants are admitted for antiarrhythmic therapy and discharged after observation. There are limited data on risk factors for readmission and readmission rates, while on medication. The objective of this study was to investigate risk factors for readmission and outcomes in infants diagnosed with SVT. This is a single-center retrospective study over a 10-year period of infants under 6 months of age with documented SVT. Infants with congenital heart disease requiring surgical or catheter intervention, gestational age less than 32 weeks or diagnosis of atrial flutter or fibrillation were excluded. The primary outcome was readmission within 31 days of hospital discharge. Long term need for ablation and eventual discontinuation of medications were assessed. Ninety patients were included. Beta blockers were the initial therapy in 66 and 28 required a medication change. Nineteen were readmitted within 31 days of discharge. The only clinical factor associated with early readmission was presence of ventricular pre-excitation (6/19 vs. 8/71, p = 0.03). Patients who were readmitted within 31 days had a longer length of treatment (12 [11.5, 22.0] vs. 10 [7.5, 12.0] months, p = 0.007) and were more likely to undergo ablation (4/19 vs. 2/71, p = 0.017). In this cohort of infants with SVT, readmission was common and ventricular pre-excitation was identified as a risk factor for readmission. Infants who were readmitted within 31 days of discharge had longer length of antiarrhythmic therapy and were more likely to undergo catheter ablation."
35412882,Forward and backward spatial recall in Parkinson's disease and matched controls: A 1-year follow-up study.,Ari Alex Ramos; Anthony Garvey; Nicholas J Cutfield; Liana Machado,Applied neuropsychology. Adult,2022,2024,"Patients with Parkinson's disease (PD) exhibit a domain-general visuospatial dysfunction; however, no previous study has examined changes over time in forward and backward spatial recall in PD against controls. To evaluate changes in short-term (STM) and working memory (WM) dysfunction in PD, the current study assessed performance on a computer-modified version of the Corsi Block-Tapping Test (forward and backward recall) at two-time points 1 year apart, while simultaneously exploring associations with potentially relevant demographic and clinical variables. We enrolled 38 patients with PD and 38 controls matched for age, sex, and Montreal Cognitive Assessment (MoCA) total scores. Linear mixed-effects models analyzed the primary measured variables (forward and backward scores). At baseline, the dysfunction effect sizes were as follows: forward recall (-0.45, 95% CI [-0.90, 0.01]) and backward recall (-0.26, 95% CI [-0.71, 0.19]). At follow-up, patients exhibited substantially greater difficulties in backward recall (-0.65, 95% CI [-1.18, -0.13]) compared to the baseline assessment, whereas the forward dysfunction effect size remained almost the same (-0.43, 95% CI [-0.94, 0.09]). Age (<i>p</i> = .005, <i>f</i> = 0.35) and total scores on MoCA (<i>p</i> = .017, <i>f</i> = 0.18), irrespective of group and recall condition, were significant predictors of spatial block scores. The pattern of dysfunction effect sizes indicates that, in contrast to forward recall, backward recall dysfunction in PD worsened 1-year after the baseline assessment, presumably reflecting the progression of PD-related visuospatial WM dysfunction."
37464816,Cystathionine β-Synthase Suppresses NLRP3 Inflammasome Activation <i>via</i> Redox Regulation in Microglia.,Yu-Jie Mou; Ya-Ting Ma; Xin Yuan; Miao Wang; Yang Liu; Chong-Shuang Pei; Chun-Feng Liu; Xiao-Ou Hou; Li-Fang Hu,Antioxidants & redox signaling,2023,2026,"Cystathionine β-synthase (CBS) is essential for homocysteine (Hcy) transsulfuration, yielding cysteine as a common precursor of hydrogen sulfide (H<sub>2</sub>S), glutathione (GSH), and other sulfur molecules, which produce neuroprotective effects in neurological conditions. We previously reported a disruption of microglial CBS/H<sub>2</sub>S signaling in a Parkinson's disease (PD) mouse model. Yet, it remains unclear whether CBS affects nucleotide-binding oligomerization domain, leucine-rich repeat and pyrin domain-containing 3 (NLRP3) inflammasome activity and other pathologies in PD. Microglial CBS expression decreased after lipopolysaccharide (LPS) stimulation. Elevated GSSG (the oxidized GSH) content and decreased H<sub>2</sub>S generation were found in the brains of microglial <i>cbs</i> conditional-knockout (<i>cbs</i> <sup>cKO</sup>) mice, whereas serum and brain Hcy levels remained unaltered. Moreover, microglial <i>cbs</i> <sup>cKO</sup> mice were susceptible to NLRP3 inflammasome activation and dopaminergic neuron losses caused by LPS injection into the substantia nigra, whereas <i>cbs</i> overexpression or activation produced opposite effects. <i>In vitro</i> studies showed that <i>cbs</i> overexpression or activation suppressed microglial NLRP3 inflammasome activation and interleukin (IL)-1β secretion by reducing mitochondrial reactive oxygen species (mitoROS) level. Conversely, ablation of <i>cbs</i> enhanced NLRP3 expression and mitoROS generation and augmented microglial NLRP3 inflammasome activity in response to adenosine triphosphate challenge, which was blocked by the mitoROS scavenger. The study demonstrated an elevated GSSG level and reduced H<sub>2</sub>S generation, which correlated with a susceptible status of microglia in the brain of <i>cbs</i> <sup>cKO</sup> mice. Our findings reveal a critical role of CBS in restraining the microglial NLRP3 inflammasome by controlling redox homeostasis and highlight that activation or upregulation of CBS may become a potential strategy for PD treatment."
38050868,Evaluation of Post-Swallow Residue with Visual Analysis of Swallowing Efficiency and Safety in Patients with Idiopathic Parkinson's Disease.,Can Doruk; Berkay Çaytemel; Erdi Şahin; Hakan Kara; Bedia Samancı; Sevinç Nisa Abay; Başar Bilgiç; Haşmet Hanağası; Bora Başaran; Necati Enver; Anais Rameau,"Ear, nose, & throat journal",2023,2026,"<b>Objectives:</b> Dysphagia is common in idiopathic Parkinson's disease (IPD) and is associated with impairments in both swallowing safety and swallowing efficiency. The goals of this study were to define post-swallow residue patterns in people with IPD and describe pathophysiological endoscopic findings affecting residue accumulation. <b>Methods:</b> This was a prospective single-blinded cross-sectional cohort study of patients with the diagnosis of IPD recruited from a Movement Disorder Clinic. Clinical variables included patient age, cognitive function, and measures of disease severity, and laryngoscopic examinations with a flexible endoscopic evaluation of swallowing (FEES) were completed for each patient. Visual Analysis of Swallowing Efficiency and Safety (VASES) was used to analyze FEES. Post-swallow residue outcomes and non-residue endoscopic outcomes including the Bowing index, Penetration Aspiration Scale (PAS) score, premature leakage, and build-up phenomenon were evaluated. Multiple regression models were used to evaluate factors affecting the residue at different anatomic levels. <b>Results:</b> Overall 53 patients completed the study. The multiple regression analyses showed a relation between (1) the presence of residue at the level of oropharynx and epiglottis with premature leakage, (2) the presence of residue at the level of the laryngeal vestibule and vocal folds with build-up phenomenon, and (3) the presence of residue at the level of the hypopharynx, laryngeal vestibule, and subglottis with airway invasion. <b>Conclusion:</b> Residue pattern during FEES is associated with specific swallow dysfunctions in IPD. Using residue localization and quantification may be a helpful tool in assessing the impact of targeted swallowing interventions in patients with IPD and dysphagia."
37338307,Hydrogen sulfide signalling in neurodegenerative diseases.,Sunil Jamuna Tripathi; Suwarna Chakraborty; Emiko Miller; Andrew A Pieper; Bindu D Paul,British journal of pharmacology,2023,2026,"The gaseous neurotransmitter hydrogen sulfide (H<sub>2</sub>S) exerts neuroprotective efficacy in the brain via post-translational modification of cysteine residues by sulfhydration, also known as persulfidation. This process is comparable in biological impact to phosphorylation and mediates a variety of signalling events. Unlike conventional neurotransmitters, H<sub>2</sub>S cannot be stored in vesicles due to its gaseous nature. Instead, it is either locally synthesized or released from endogenous stores. Sulfhydration affords both specific and general neuroprotective effects and is critically diminished in several neurodegenerative disorders. Conversely, some forms of neurodegenerative disease are linked to excessive cellular H<sub>2</sub>S. Here, we review the signalling roles of H<sub>2</sub>S across the spectrum of neurodegenerative diseases, including Huntington's disease, Parkinson's disease, Alzheimer's disease, Down syndrome, traumatic brain injury, the ataxias, and amyotrophic lateral sclerosis, as well as neurodegeneration generally associated with ageing. LINKED ARTICLES: This article is part of a themed issue Recent Innovations in Targeting Redox Biology for Therapeutics. To view the other articles in this section visit http://onlinelibrary.wiley.com/doi/10.1111/bph.v183.1/issuetoc."
38614893,Self-Reported Voice and Swallow Questionnaires' Alignment with Unified Parkinson's Disease Rating Scale Questions: A Preliminary Study.,Matthew Dumican; Kaitlynn Harper; Alyson Malczewski,Journal of voice : official journal of the Voice Foundation,2024,2026,"The purpose of this manuscript was twofold: to investigate how clinical voice and swallow questionnaires align with self-reports from speech/voice and swallow domains of the Unified Parkinson's Disease Rating Scale (UPDRS), and how decline in self-reported speech/voice measures predict decline in self-reported swallowing measures. This observational, preliminary cross-sectional study included 15 people diagnosed with Idiopathic Parkinson's Disease. Participants completed the Voice Related Quality of Life (V-RQOL), Sydney Swallow Questionnaire (SSQ), and cognitive screening (Montreal Cognitive Assessment; MoCA) to account for cognitive impairment during self-reported speech/voice and swallow measures. They also completed the speech/voice and swallow components of the UPDRS. There were significant associations between the SSQ and UPDRS question 2.3 (chewing/swallowing) (P < 0.001), but not between UPDRS question 2.1 (speech/voice) and V-RQOL. However, the MoCA was significantly and directionally associated with V-RQOL scores (P = 0.01). Finally, the V-RQOL was significantly associated with SSQ scores in a multiple regression model (P = 0.02). Speech/voice and swallow-related questions from the UPDRS may be viable initial screening tools to facilitate faster and earlier laryngeal function testing. Substantially more research should be undertaken to assess how well these UPDRS question domains are indicative of underlying speech/voice or swallow dysfunction."
42272485,Endogenous iron biomineralization in the mouse spleen of metabolic diseases.,Ruowen Guo; Lei Zhang; Dongsheng Song; Biao Yu; Chao Song; Hanxiao Chen; Wenjing Xie; Chuanlin Feng; Guofeng Cheng; Kejun Hu; Jialiang Jiang; Zhe Qu; Haifeng Du; Xin Zhang,Fundamental research,2024,2026,"As the most abundant essential trace element in our human bodies, iron plays essential roles in multiple physiological and pathological conditions, including oxygen transport, cancer, diabetes, Alzheimer's and Parkinson's diseases. Although it has been shown that iron can form particles in some bacteria, migrating birds and fish, whether iron biomineralization can also occur in mammals is still debated. Here we demonstrate that iron metabolism abnormalities in diseased mice can directly lead to endogenous iron biomineralization and particle formation in the spleen. Excessive iron accumulation leads to endogenous particle formation with an averaged size of ∼800 nm. In the spleens of severely diabetic mice, they accumulate in the red pulp region, where the red blood cells are recycled. This directly changes the magnetic property of the spleens and results in spleen damage in a gradient high magnetic field. Therefore, our findings not only demonstrate the existence of endogenous iron biomineralization in metabolic diseases, but also set up a direct link among iron accumulation, magnetic property and magnetic responses of animal organs, which may also be applied in other iron metabolism-related diseases including cancer and Alzheimer's disease."
38242818,Analysis of Voice in Parkinson's Disease Utilizing the Acoustic Voice Quality Index.,Rachel B Convey; Anne-Maria Laukkanen; Sari Ylinen; Nelly Penttilä,Journal of voice : official journal of the Voice Foundation,2024,2026,"The purpose of this study was to analyze the acoustic voice quality index (AVQI) in relation to perceptual analysis and disease stage in speakers with Parkinson's disease (PD). Cross-sectional study. The following data were gathered from the Parkinson's Disease Speech corpus of Tampere University (PDSTU): prolonged vowels and reading samples from native Finnish speakers with PD (n = 34), speaker demographic information, and Hoehn and Yahr scale scores. AVQIv03.01 analysis was completed with Praat. Expert raters utilized the GRBASI scale (GRBASI: grade, roughness, breathiness, asthenia, strain, instability) to assess voice quality. AVQI scores were analyzed in relation to GRBASI ratings and disease stage, as measured by the Hoehn and Yahr scale, utilizing correlation analysis. AVQI scores ranged from -0.11 to 4.46 (mean = 1.64, SD = 1.39), GRBASI average total scores ranged from 0-1.83 (mean = 0.66, SD = 0.50), and Hoehn and Yahr scale scores ranged from 1- 4. A statistically significant correlation between AVQI scores and GRBASI ratings was found (r<sub>s</sub> = 0.508, P = 0.01). Several significant correlations were also found between the parameters of AVQI and scores for G, R, B and A from GRBASI. Hoehn and Yahr scores correlated significantly with GRBASI total score (r<sub>s</sub> =0.437, P = 0.01) but not with AVQI. A significant correlation was found between GRBASI ratings and Hoehn and Yahr scores, but not between AVQI and Hoehn and Yahr scores. Due to the nature of this research, participants of this study did not agree for their data to be shared publicly. Data may be made available on a case-by-case basis. Data will be available after the active phase of the study in 2028."
41834923,An improved Glucocerebrosidase Assay for Accurate Prediction of Lysosomal Dysfunction: Exemplified by Its Relevance in Parkinson's Disease.,Aishwarya Babu; Achanya S Jayan; Anjali Sethumadhavan; Geetha Mandagini; Cibin T Raghavan; Srinivas Gopala; Syam Krishnan; Madhusoodanan Urulangodi,Indian journal of clinical biochemistry : IJCB,2024,2026,"Functional lysosomes are crucial for preventing the abnormal accumulation of proteins and resulting neuronal injury and cell death associated with ageing. Given the importance of lysosomal dysfunction in neurodegenerative diseases, there is a need to develop minimally invasive methods to assess this dysfunction. Here, we describe a modified lysosomal glucocerebrosidase (GCase) assay using leukocytes isolated from human subjects, by incorporating a specific GCase inhibitor, which improved the assay by alleviating any non-specific interference. The assay was carried out using samples from both patients with Parkinson's disease (PD) and healthy controls. GBA1 gene sequencing was performed in those whose activity was below the mean normal GCase value. PD patients showed a decreased GCase activity (3.32 ± 1.85 nmol/10<sup>7</sup> WBCs/h) compared to controls (3.60 ± 2.22 nmol/10<sup>7</sup> WBCs/h) in the absence of any GBA1 mutations. The results presented in this study highlight the significance of measuring the GCase activity in PD, both in individuals with GBA mutations and those without. Further, this simple and specific assay could be useful in assessing lysosomal function in the setting of any age-associated neurodegenerative diseases. The online version contains supplementary material available at 10.1007/s12291-024-01234-8."
39672098,Investigating the potential of novel thiazole derivatives in treating Alzheimer's and Parkinson's diseases.,Abd Al Rahman Asfour; Asaf Evrim Evren; Begüm Nurpelin Sağlık Özkan; Leyla Yurttaş,Journal of biomolecular structure & dynamics,2024,2026,"The study aimed to investigate 12 novel thiazole compounds in the treatment of neurodegenerative disorders. The compounds produced were evaluated for their inhibitory efficacy against acetylcholinesterase (AChE), butyrylcholinesterase (BChE), and monoamine oxidases (MAOs). Among the compounds, <b>5d</b>, <b>5e</b>, and <b>5j</b> showed the highest AChE inhibitory activity. The IC<sub>50</sub> values for compounds are 0.223 ± 0.010 µM, 0.092 ± 0.003 µM, and 0.054 ± 0.002 µM, respectively. In addition, molecular docking analyses and molecular dynamic simulation were used to examine the interactions of these compounds with protein sites. The results suggest that thiazole-ring compounds could serve as a promising basis for the development of drugs aimed at treating neurodegenerative diseases (NDD), caused by Parkinson's and Alzheimer's diseases."
39544663,Assessment of Changes in Vascular Density in the Layers of the Eye in Patients With Parkinson's Disease.,Şule Bilgin; Hasan Armağan Uysal; Sinan Bilgin; Emiş Cansu Yaka; Özge Yılmaz Küsbeci; Ufuk Şener,Annals of neurosciences,2024,2026,"The retina is affected by Parkinson's disease (PD). We aimed to assess the anatomical and vascular deterioration of the retina in PD. Sixty-six patients with PD and 66 healthy volunteers were evaluated in this study. Choriocapillaris vessel density (CCVD), superficial vascular density (SVD), deep vascular densities (DVD), central macular thickness (CMT), retinal nerve fibre layer (RNFL), ganglionic cell layer (GCL), and choroidal thickness (CT) were assessed. RNFL, GCL, CMT, and CT were thinner than in HC, and also the differences between the groups were statistically significant (<i>P</i> < .05). SVD and DVD were not statistically different between the groups (<i>P</i> > .05). There was a decrease in vascular density in all quadrants of the choriocapillary layer. The decrease in vascular density was statistically significant in the nasal, inferior and central quadrants (<i>P</i> < .05). These results supported vascular thinning in the choroidal layer. Also showed that vascular and neural layers were affected together. It could help clinicians in the follow-up of Parkinson's patients."
39164078,Correlation of psychological resilience with social support and coping style in Parkinson's disease: A cross-sectional study.,Mengshu Yang; Jingyuan Xue; Xiaoyun Kong; Wenjing Liu; Yihao Wang; Yanwei Zou; Ling Wang; Ci Dong,Journal of advanced nursing,2024,2026,"To analyse the current status of psychological resilience in Parkinson's disease (PD) patients and its correlation with social support and coping style. A cross-sectional study. PD patients hospitalized in a tertiary-level hospital in Shijiazhuang, Hebei Province, from March 2022 to March 2023 were selected for the study using the convenience sampling method. A general information questionnaire, psychological resilience scale, Medical Coping Modes Questionnaire and Perceived Social Support Scale were used to investigate 111 cases of PD. SPSS 25.0 software was used for statistical analysis. The data were analysed using independent samples t-test, one-way ANOVA, multiple linear regression analysis and the Pearson correlation coefficient. Parkinson's disease patients have a moderate level of psychological resilience. The results of the Pearson correlation analyses showed that the level of psychological resilience was positively correlated with social support and confrontation and was negatively correlated with avoidance and acceptance-resignation. The results of multiple linear regression analysis showed that social support and acceptance-resignation were the influencing factors of psychological resilience in PD patients. The psychological resilience of PD patients is at a moderate level. Social support and acceptance-resignation are the factors influencing the psychological resilience of PD patients. This study analysed the level of psychological resilience in PD patients and its correlation with social support and coping style from the perspective of positive psychology to provide some reference for targeted clinical interventions. Our study found that social support and acceptance-resignation are influential factors in psychological resilience in PD patients. Medical staff should encourage patients to face the disease positively and their social support should be increased in order to improve their level of psychological resilience. No patient or public contribution."
39104178,A radiomics approach for predicting gait freezing in Parkinson's disease based on resting-state functional magnetic resonance imaging indices: A cross-sectional study.,Miaoran Guo; Hu Liu; Long Gao; Hongmei Yu; Yan Ren; Yingmei Li; Huaguang Yang; Chenghao Cao; Guoguang Fan,Neural regeneration research,2024,2026,"JOURNAL/nrgr/04.03/01300535-202604000-00042/figure1/v/2025-06-30T060627Z/r/image-tiff Freezing of gait is a significant and debilitating motor symptom often observed in individuals with Parkinson's disease. Resting-state functional magnetic resonance imaging, along with its multi-level feature indices, has provided a fresh perspective and valuable insight into the study of freezing of gait in Parkinson's disease. It has been revealed that Parkinson's disease is accompanied by widespread irregularities in inherent brain network activity. However, the effective integration of the multi-level indices of resting-state functional magnetic resonance imaging into clinical settings for the diagnosis of freezing of gait in Parkinson's disease remains a challenge. Although previous studies have demonstrated that radiomics can extract optimal features as biomarkers to identify or predict diseases, a knowledge gap still exists in the field of freezing of gait in Parkinson's disease. This cross-sectional study aimed to evaluate the ability of radiomics features based on multi-level indices of resting-state functional magnetic resonance imaging, along with clinical features, to distinguish between Parkinson's disease patients with and without freezing of gait. We recruited 28 patients with Parkinson's disease who had freezing of gait (15 men and 13 women, average age 63 years) and 30 patients with Parkinson's disease who had no freezing of gait (16 men and 14 women, average age 64 years). Magnetic resonance imaging scans were obtained using a 3.0T scanner to extract the mean amplitude of low-frequency fluctuations, mean regional homogeneity, and degree centrality. Neurological and clinical characteristics were also evaluated. We used the least absolute shrinkage and selection operator algorithm to extract features and established feedforward neural network models based solely on resting-state functional magnetic resonance imaging indicators. We then performed predictive analysis of three distinct groups based on resting-state functional magnetic resonance imaging indicators indicators combined with clinical features. Subsequently, we conducted 100 additional five-fold cross-validations to determine the most effective model for each classification task and evaluated the performance of the model using the area under the receiver operating characteristic curve. The results showed that when differentiating patients with Parkinson's disease who had freezing of gait from those who did not have freezing of gait, or from healthy controls, the models using only the mean regional homogeneity values achieved the highest area under the receiver operating characteristic curve values of 0.750 (with an accuracy of 70.9%) and 0.759 (with an accuracy of 65.3%), respectively. When classifying patients with Parkinson's disease who had freezing of gait from those who had no freezing of gait, the model using the mean amplitude of low-frequency fluctuation values combined with two clinical features achieved the highest area under the receiver operating characteristic curve of 0.847 (with an accuracy of 74.3%). The most significant features for patients with Parkinson's disease who had freezing of gait were amplitude of low-frequency fluctuation alterations in the left parahippocampal gyrus and two clinical characteristics: Montreal Cognitive Assessment and Hamilton Depression Scale scores. Our findings suggest that radiomics features derived from resting-state functional magnetic resonance imaging indices and clinical information can serve as valuable indices for the identification of freezing of gait in Parkinson's disease."
39104172,Low-density lipoprotein receptor-related protein 1 mediates α-synuclein transmission from the striatum to the substantia nigra in animal models of Parkinson's disease.,Hanjiang Luo; Caixia Peng; Chengli Wu; Chengwei Liu; Qinghua Li; Shun Yu; Jia Liu; Min Chen,Neural regeneration research,2024,2026,"JOURNAL/nrgr/04.03/01300535-202604000-00040/figure1/v/2025-06-30T060627Z/r/image-tiff α-Synuclein accumulation and transmission are vital to the pathogenesis of Parkinson's disease, although the mechanisms underlying misfolded α-synuclein accumulation and propagation have not been conclusively determined. The expression of low-density lipoprotein receptor-related protein 1, which is abundantly expressed in neurons and considered to be a multifunctional endocytic receptor, is elevated in the neurons of patients with Parkinson's disease. However, whether there is a direct link between low-density lipoprotein receptor-related protein 1 and α-synuclein aggregation and propagation in Parkinson's disease remains unclear. Here, we established animal models of Parkinson's disease by inoculating monkeys and mice with α-synuclein pre-formed fibrils and observed elevated low-density lipoprotein receptor-related protein 1 levels in the striatum and substantia nigra, accompanied by dopaminergic neuron loss and increased α-synuclein levels. However, low-density lipoprotein receptor-related protein 1 knockdown efficiently rescued dopaminergic neurodegeneration and inhibited the increase in α-synuclein levels in the nigrostriatal system. In HEK293A cells overexpressing α-synuclein fragments, low-density lipoprotein receptor-related protein 1 levels were upregulated only when the N-terminus of α-synuclein was present, whereas an α-synuclein fragment lacking the N-terminus did not lead to low-density lipoprotein receptor-related protein 1 upregulation. Furthermore, the N-terminus of α-synuclein was found to be rich in lysine residues, and blocking lysine residues in PC12 cells treated with α-synuclein pre-formed fibrils effectively reduced the elevated low-density lipoprotein receptor-related protein 1 and α-synuclein levels. These findings indicate that low-density lipoprotein receptor-related protein 1 regulates pathological transmission of α-synuclein from the striatum to the substantia nigra in the nigrostriatal system via lysine residues in the α-synuclein N-terminus."
39633610,Theoretical investigation of selective inhibitory activity of chromone-based compounds against monoamine oxidase (MAO)-A and -B.,Intan Salsabila Putri; Nur Farisya Shamsudin; Maryam Aisyah Abdullah; Mochamad Nurcholis; Syahrul Imran; Chai Xin Yu; Chau Ling Tham; Mohd Fadhlizil Fasihi Mohd Aluwi; Sze-Wei Leong; Sentot Joko Raharjo; Zalikha Ibrahim; Deri Islami; Akm Moyeenul Huq; Muhammad Taher; Kamal Rullah,Journal of biomolecular structure & dynamics,2024,2026,"Monoamine oxidase (MAO) is crucial for the breakdown of monoamine neurotransmitters, making it a promising target for treating neurodegenerative disorders, such as depression, Alzheimer's disease, and Parkinson's disease. In this study, we investigated the selective inhibitory activity of chromone-based compounds against MAO-A and MAO-B for neurodegenerative disease treatment. In literary sources, thirty chromone derivatives have been identified as potential ligands for MAO-A and MAO-B inhibitors. We utilized molecular docking to evaluate how the most active compound interacted with the targeted MAO-A and MAO-B. Compound <b>2 g</b>, the most active for MAO-A, demonstrated a lower CDOCKER energy compared to the co-crystallized ligand. Meanwhile, compound <b>2f</b>, the most active for MAO-B, showed a CDOCKER energy similar to the co-crystallized ligand and exhibited similar binding patterns. Furthermore, we constructed a quantitative structure-activity relationship (QSAR) model to predict the properties and estimate IC<sub>50</sub> values for 30 chromone derivatives functioning as MAO-A and MAO-B inhibitors. The model predictions were validated against experimental measurements. Our 2D QSAR model demonstrated robustness, with a statistically significant non-cross-validated coefficient (r<sup>2</sup> < 0.9), cross-validated correlation coefficient (q<sup>2</sup> < 0.6), and predictive squared correlation coefficient (r<sup>2</sup><sub>pred</sub> < 0.8). Additionally, MD simulations confirmed the stable binding of compounds <b>2 g</b> and <b>2f</b> with MAO-A and MAO-B, respectively, displaying substantial binding energy. The most effective pharmacophore model identified key features, such as hydrogen bond acceptors and hydrophobic interactions, that contribute significantly to inhibitory potency. This study offers valuable insight into the selection of compounds with improved selectivity for MAO inhibition."
39115803,Investigation of the utility of smartphone-based gait analyses in discrimination between patients with Alzheimer's disease and Parkinson's disease.,Halil Onder; Ozlem Bizpinar,Applied neuropsychology. Adult,2024,2026,"To reveal the discriminative value of gait parameters between Alzheimer's disease (AD) and Parkinson's disease (PD) subjects. We included all consecutive patients with newly diagnosed AD and those with a diagnosis of PD who applied to our polyclinic between March 2022 and June 2022. The demographic and clinical features were evaluated during interviews. The gait analyses were performed using a quantitative, smartphone-based gait analyses program. Using this program, the step time (ST), step length (SL), step number (SN), gait velocity (GV), and cadence were measured in all individuals. Overall, 31 patients with AD and 45 with PD were enrolled in the analyses. The mean age of the AD group was higher according to those with PD. As expected, the Mini-Mental State Examination (MMSE) values were lower in the AD group. The comparative analyses of the gait parameters between groups did not reveal differences in any of the measures. The correlation analyses to investigate the possible association between the disease severity and gait parameters revealed that the MDS-UPDRS showed low negative correlations with SL and GV. Our findings suggest that the evaluation of gait using the gait analyses program does not contribute to the discrimination between AD and PD in clinical practice."
38913538,Financial capability of people living with Parkinson's disease - A case-control study.,Akke-Marij D Ariesen; Oliver Tucha; Dorien F Bangma; Anselm B M Fuermaier; Josephien L Jansen; Peter P De Deyn; Janneke Koerts,Applied neuropsychology. Adult,2024,2026,"Parkinson's disease (PD) is a neurodegenerative disorder affecting 1% of people older than 60 years. One of the abilities that seems vulnerable to the cognitive impairments associated with PD is financial capability. This explorative study aimed to evaluate the extent and type of problems in financial capability of people with PD without a diagnosis of dementia. Participants were 31 people with PD and 62 matched controls. Participants completed an extensive test-battery, including measures for financial capability and cognitive functioning. Compared to controls, the PD-group performed significantly poorer on two financial competence tasks and showed a comparable performance on the other financial capability measures. For 45% of the PD-group, cognitive test performance was indicative of mild cognitive impairment, yet no significant difference was observed in overall cognitive functioning between the PD and control group. In the total sample, only small or medium correlations were found between financial competence and cognition, and between financial capability and the contextual factors of income and financial experience. The findings suggest that in the earlier stages of PD, when cognitive impairments are relatively mild, some problems may be observed in financial competence, yet other domains of financial capability appear less affected. The absence of strong correlations between financial competence and overall cognitive functioning indicates that standard neuropsychological assessments seem inadequate to make financial capability determinations. By offering insight into the financial capability of people in the milder stages of PD, the findings of the present study may aid in the development and provision of tailored support."
38828539,Exploring the utility of process scores in elucidating the role of cognitive and affective factors that influence verbal fluency performance in Parkinson's disease.,Catie J Wandell; Karen Torres,Applied neuropsychology. Adult,2024,2026,"Cognitive and affective factors have been implicated in verbal fluency (VF) performance in Parkinson's disease (PD). This exploratory study aimed to investigate the relationships between cognitive and affective variables on traditional (""core"") and ""process"" (error and interval) scores of VF and elucidate unique information these scores may provide regarding mechanisms underlying VF. Sixty-two PD patients without dementia completed clinical neuropsychological examinations consisting of attention, processing speed, language, executive functioning, visuospatial, memory, and mood measures. Hierarchical regression and negative binomial regression analyses were used to evaluate relationships between outcome and predictor variables. Generativity results revealed that processing speed and working memory explained up to 34% of the variance of total letter fluency responses (<i>p</i> = <.001) and processing speed explained 24% of the variance for total semantic fluency (<i>p</i> = .003). For category switching generativity, only age predicted 20% of the variance (<i>p</i> = .01). Two executive functioning measures were negatively associated with error production over the duration (<i>b</i> = -.055, <i>p</i> = .028; <i>b</i> = -.062, <i>p</i> = .004) and final 45-second interval (<i>b</i> = -.072, <i>p</i> = .003; <i>b</i> = -.044, <i>p</i> = .033) of the category switching task. In the initial 15-second task interval, a positive predictive relationship between error production and indifference apathy (<i>b</i> = .616, <i>p</i> = .044) was demonstrated. Findings demonstrate the potential utility of ""process"" scores in detecting subtle cognitive impairment in Parkinson's disease patients without dementia and tentatively evidence the role of indifference apathy in task initiation."
38640454,Does the side of onset influence symptom severity in Parkinson's disease? A systematic review and meta-analysis.,Nancy Marano; Annukka K Lindell,Applied neuropsychology. Adult,2024,2026,"Parkinson's disease (PD) is a neurodegenerative movement disorder characterized by motor symptoms that initially manifest unilaterally. Whilst some studies indicate that right-side onset is associated with greater symptom severity, others report no differences between right-side and left-side onset patients. The present meta-analysis was thus designed to reconcile inconsistencies in the literature and determine whether side of onset affects PD symptom severity. Following the PRISMA guidelines 1013 studies were initially identified in database and grey literature searches; following title and abstract, and full text, screening 34 studies met the stringent inclusion criteria (<i>n</i> = 2210). Results of the random-effects meta-analysis indicated no difference in symptom severity between PD patients with left-side (<i>n</i> = 1104) and right-side (<i>n</i> = 1106) onset. As such, the meta-analysis suggests that the side of onset should not be used to predict symptom trajectory or to formulate prognoses for PD patients. The current meta-analysis was the first to focus on the relationship between the side of onset and symptom severity in PD. However, the studies included were limited by the common exclusion of left-handed participants. Future research would benefit from exploring other factors that may influence symptom severity and disease progression in PD, such as asymmetric loss of nigrostriatal dopaminergic neurons."
40326981,Exosomes in neurodegenerative diseases: Therapeutic potential and modification methods.,Hongli Chen; Na Li; Yuanhao Cai; Chunyan Ma; Yutong Ye; Xinyu Shi; Jun Guo; Zhibo Han; Yi Liu; Xunbin Wei,Neural regeneration research,2024,2026,"In recent years, exosomes have garnered extensive attention as therapeutic agents and early diagnostic markers in neurodegenerative disease research. Exosomes are small and can effectively cross the blood-brain barrier, allowing them to target deep brain lesions. Recent studies have demonstrated that exosomes derived from different cell types may exert therapeutic effects by regulating the expression of various inflammatory cytokines, mRNAs, and disease-related proteins, thereby halting the progression of neurodegenerative diseases and exhibiting beneficial effects. However, exosomes are composed of lipid bilayer membranes and lack the ability to recognize specific target cells. This limitation can lead to side effects and toxicity when they interact with non-specific cells. Growing evidence suggests that surface-modified exosomes have enhanced targeting capabilities and can be used as targeted drug-delivery vehicles that show promising results in the treatment of neurodegenerative diseases. In this review, we provide an up-to-date overview of existing research aimed at devising approaches to modify exosomes and elucidating their therapeutic potential in neurodegenerative diseases. Our findings indicate that exosomes can efficiently cross the blood-brain barrier to facilitate drug delivery and can also serve as early diagnostic markers for neurodegenerative diseases. We introduce the strategies being used to enhance exosome targeting, including genetic engineering, chemical modifications (both covalent, such as click chemistry and metabolic engineering, and non-covalent, such as polyvalent electrostatic and hydrophobic interactions, ligand-receptor binding, aptamer-based modifications, and the incorporation of CP05-anchored peptides), and nanomaterial modifications. Research into these strategies has confirmed that exosomes have significant therapeutic potential for neurodegenerative diseases. However, several challenges remain in the clinical application of exosomes. Improvements are needed in preparation, characterization, and optimization methods, as well as in reducing the adverse reactions associated with their use. Additionally, the range of applications and the safety of exosomes require further research and evaluation."
39851136,Potential biofluid markers for cognitive impairment in Parkinson's disease.,Jieyu Chen; Chunyu Liang; Fang Wang; Yongyun Zhu; Liuhui Zhu; Jianzhun Chen; Bin Liu; Xinglong Yang,Neural regeneration research,2024,2026,"Cognitive impairment is a particularly severe non-motor symptom of Parkinson's disease that significantly diminishes the quality of life of affected individuals. Identifying reliable biomarkers for cognitive impairment in Parkinson's disease is essential for early diagnosis, prognostic assessments, and the development of targeted therapies. This review aims to summarize recent advancements in biofluid biomarkers for cognitive impairment in Parkinson's disease, focusing on the detection of specific proteins, metabolites, and other biomarkers in blood, cerebrospinal fluid, and saliva. These biomarkers can shed light on the multifaceted etiology of cognitive impairment in Parkinson's disease, which includes protein misfolding, neurodegeneration, inflammation, and oxidative stress. The integration of biofluid biomarkers with neuroimaging and clinical data can facilitate the development of predictive models to enhance early diagnosis and monitor the progression of cognitive impairment in patients with Parkinson's disease. This comprehensive approach can improve the existing understanding of the mechanisms driving cognitive decline and support the development of targeted therapeutic strategies aimed at modifying the course of cognitive impairment in Parkinson's disease. Despite the promise of these biomarkers in characterizing the mechanisms underlying cognitive decline in Parkinson's disease, further research is necessary to validate their clinical utility and establish a standardized framework for early detection and monitoring of cognitive impairment in Parkinson's disease."
39688566,Hidden face of Parkinson's disease: Is it a new autoimmune disease?,Min Gi Jo; Seon-Hee Kim; Seung Pil Yun,Neural regeneration research,2024,2026,"Parkinson's disease is a neurodegenerative disorder marked by the degeneration of dopaminergic neurons and clinical symptoms such as tremors, rigidity, and slowed movements. A key feature of Parkinson's disease is the accumulation of misfolded α-synuclein, forming insoluble Lewy bodies in the substantia nigra pars compacta, which contributes to neurodegeneration. These α-synuclein aggregates may act as autoantigens, leading to T-cell-mediated neuroinflammation and contributing to dopaminergic cell death. Our perspective explores the hypothesis that Parkinson's disease may have an autoimmune component, highlighting research that connects peripheral immune responses with neurodegeneration. T cells derived from Parkinson's disease patients appear to have the potential to initiate an autoimmune response against α-synuclein and its modified peptides, possibly leading to the formation of neo-epitopes. Recent evidence associates Parkinson's disease with abnormal immune responses, as indicated by increased levels of immune cells, such as CD4 + and CD8 + T cells, observed in both patients and mouse models. The convergence of T cells filtration increasing major histocompatibility complex molecules, and the susceptibility of dopaminergic neurons supports the hypothesis that Parkinson's disease may exhibit autoimmune characteristics. Understanding the immune mechanisms involved in Parkinson's disease will be crucial for developing therapeutic strategies that target the autoimmune aspects of the disease. Novel approaches, including precision medicine based on major histocompatibility complex/human leukocyte antigen typing and early biomarker identification, could pave the way for immune-based treatments aimed at slowing or halting disease progression. This perspective explores the relationship between autoimmunity and Parkinson's disease, suggesting that further research could deepen understanding and offer new therapeutic avenues. In this paper, it is organized to provide a comprehensive perspective on the autoimmune aspects of Parkinson's disease. It investigates critical areas such as the autoimmune response observed in Parkinson's disease patients and the role of autoimmune mechanisms targeting α-synuclein in Parkinson's disease. The paper also examines the impact of CD4 + T cells, specifically Th1 and Th17, on neurons through in vitro and ex vivo studies. Additionally, it explores how α-synuclein influences glia-induced neuroinflammation in Parkinson's disease. The discussion extends to the clinical implications and therapeutic landscape, offering insights into potential treatments. Consequently, we aim to provide a comprehensive perspective on the autoimmune aspects of Parkinson's disease, incorporating both supportive and opposing views on its classification as an autoimmune disorder and exploring implications for clinical applications."
39688564,Alpha-synuclein-induced upregulation of SKI family transcriptional corepressor 1: A new player in aging and Parkinson's disease?,Lauren Barrett; Rebekah Bevans; Aideen M Sullivan; Louise M Collins; Gerard W O'Keeffe,Neural regeneration research,2024,2026,No abstract available
39688547,Neuronal plasticity and its role in Alzheimer's disease and Parkinson's disease.,Israt Jahan; Mohammad Harun-Ur-Rashid; Md Aminul Islam; Farhana Sharmin; Soad K Al Jaouni; Abdullah M Kaki; Samy Selim,Neural regeneration research,2024,2026,"Neuronal plasticity, the brain's ability to adapt structurally and functionally, is essential for learning, memory, and recovery from injuries. In neurodegenerative diseases such as Alzheimer's disease and Parkinson's disease, this plasticity is disrupted, leading to cognitive and motor deficits. This review explores the mechanisms of neuronal plasticity and its effect on Alzheimer's disease and Parkinson's disease. Alzheimer's disease features amyloid-beta plaques and tau tangles that impair synaptic function, while Parkinson's disease involves the loss of dopaminergic neurons affecting motor control. Enhancing neuronal plasticity offers therapeutic potential for these diseases. A systematic literature review was conducted using databases such as PubMed, Scopus, and Google Scholar, focusing on studies of neuronal plasticity in Alzheimer's disease and Parkinson's disease. Data synthesis identified key themes such as synaptic mechanisms, neurogenesis, and therapeutic strategies, linking molecular insights to clinical applications. Results highlight that targeting synaptic plasticity mechanisms, such as long-term potentiation and long-term depression, shows promise. Neurotrophic factors, advanced imaging techniques, and molecular tools (e.g., clustered regularly interspaced short palindromic repeats and optogenetics) are crucial in understanding and enhancing plasticity. Current therapies, including dopamine replacement, deep brain stimulation, and lifestyle interventions, demonstrate the potential to alleviate symptoms and improve outcomes. In conclusion, enhancing neuronal plasticity through targeted therapies holds significant promise for treating neurodegenerative diseases. Future research should integrate multidisciplinary approaches to fully harness the therapeutic potential of neuronal plasticity in Alzheimer's disease and Parkinson's disease."
39589170,Emerging role of microglia in the developing dopaminergic system: Perturbation by early life stress.,Kaijie She; Naijun Yuan; Minyi Huang; Wenjun Zhu; Manshi Tang; Qingyu Ma; Jiaxu Chen,Neural regeneration research,2024,2026,"Early life stress correlates with a higher prevalence of neurological disorders, including autism, attention-deficit/hyperactivity disorder, schizophrenia, depression, and Parkinson's disease. These conditions, primarily involving abnormal development and damage of the dopaminergic system, pose significant public health challenges. Microglia, as the primary immune cells in the brain, are crucial in regulating neuronal circuit development and survival. From the embryonic stage to adulthood, microglia exhibit stage-specific gene expression profiles, transcriptome characteristics, and functional phenotypes, enhancing the susceptibility to early life stress. However, the role of microglia in mediating dopaminergic system disorders under early life stress conditions remains poorly understood. This review presents an up-to-date overview of preclinical studies elucidating the impact of early life stress on microglia, leading to dopaminergic system disorders, along with the underlying mechanisms and therapeutic potential for neurodegenerative and neurodevelopmental conditions. Impaired microglial activity damages dopaminergic neurons by diminishing neurotrophic support (e.g., insulin-like growth factor-1) and hinders dopaminergic axon growth through defective phagocytosis and synaptic pruning. Furthermore, blunted microglial immunoreactivity suppresses striatal dopaminergic circuit development and reduces neuronal transmission. Furthermore, inflammation and oxidative stress induced by activated microglia can directly damage dopaminergic neurons, inhibiting dopamine synthesis, reuptake, and receptor activity. Enhanced microglial phagocytosis inhibits dopamine axon extension. These long-lasting effects of microglial perturbations may be driven by early life stress-induced epigenetic reprogramming of microglia. Indirectly, early life stress may influence microglial function through various pathways, such as astrocytic activation, the hypothalamic-pituitary-adrenal axis, the gut-brain axis, and maternal immune signaling. Finally, various therapeutic strategies and molecular mechanisms for targeting microglia to restore the dopaminergic system were summarized and discussed. These strategies include classical antidepressants and antipsychotics, antibiotics and anti-inflammatory agents, and herbal-derived medicine. Further investigations combining pharmacological interventions and genetic strategies are essential to elucidate the causal role of microglial phenotypic and functional perturbations in the dopaminergic system disrupted by early life stress."
41396689,Unraveling the potential of gasotransmitters as neurogenic and neuroprotective molecules: focus on Alzheimer's and Parkinson's diseases.,Sónia Simão; Daniela F Santos; Mariana Teixeira; Rafaela R Agostinho; Joana Rodrigues; Marta Vitorino; Inês M Araújo,Redox report : communications in free radical research,2025,2026,"Alzheimer's disease and Parkinson's disease are the two most prevalent neurodegenerative disorders worldwide, both characterized by progressive neuronal loss. Despite distinct pathophysiological features, they share cellular dysfunctions such as abnormal protein aggregation, oxidative stress, and neuroinflammation, research into which might be beneficial for developing novel therapeutic strategies that could tackle both conditions. This review highlights the emerging role of the gasotransmitters nitric oxide, carbon monoxide and hydrogen sulfide as modulators of adult neurogenesis and neuroprotection in Alzheimer's disease and Parkinson's disease. We have gathered recent evidence demonstrating that these endogenous gases exert anti-inflammatory, antioxidant, and anti-apoptotic effects, and, critically, promote neurogenesis - suggesting a dual neuroprotective and neuroregenerative therapeutic potential. The unique physicochemical features of these gasotransmitters, including their ability to cross the blood-brain barrier and diffuse rapidly throughout the neural tissue, further support their suitability as candidates for innovative neuroregenerative treatments. While clinical translation remains challenging, harnessing the neurogenic and neuroprotective actions of these gasotransmitters may offer transformative avenues for addressing the increasing burden of Alzheimer's disease and Parkinson's disease."
41467444,Interplay of GBA1 with lysosomal dysfunction and inflammation in Parkinson's disease.,Ruochen Wang; Taku Hatano; Nobutaka Hattori; Davide Cossu,Neural regeneration research,2025,2026,"Mutations in the glucocerebrosidase ( GBA1 ) gene, encoding the lysosomal enzyme glucocerebrosidase, represent the most significant genetic risk factor for Parkinson's disease. These variants define a distinct clinical subtype characterized by earlier onset, accelerated motor decline, and pronounced cognitive impairment. This review synthesizes current insights into the molecular mechanisms linking GBA1 dysfunction to lysosomal failure, α-synuclein aggregation, and neuroinflammation. Pathogenic alleles such as N370S and L444P disrupt sphingolipid metabolism, resulting in toxic accumulations of glucosylceramide and glucosylsphingosine, endoplasmic reticulum stress, and impaired clearance of misfolded proteins. This initiates a self-reinforcing cycle in which glucocerebrosidase deficiency promotes α-synuclein aggregation, which subsequently impairs glucocerebrosidase trafficking. We explore the convergence of GBA1 mutations on the lysosomal-mitochondrial-autophagy axis, where impaired autophagic flux and disrupted organelle crosstalk amplify oxidative stress and activate the NLR family pyrin domain containing 3 inflammasome. The contribution of microglia, astrocytes, and oligodendrocytes to the neuroinflammatory cascade is eamined, along with the emerging influence of the microbiome-gut-brain axis in disease progression. Finally, we evaluate emerging therapeutic strategies, including pharmacological chaperones, NLRP3 inhibitors, adeno-associated virus-based gene therapy, and microbiome modulation, highlighting both promises and translational challenges such as blood-brain barrier penetration and mutation-specific efficacy. We conclude by advocating for precision medicine approaches, supported by robust biomarker development and advanced disease models, to guide tailored interventions for this aggressive Parkinson's disease subtype."
41467443,Mitochondria-associated endoplasmic reticulum membranes and calcium ion exchange: A novel direction for aging and neurodegenerative diseases.,Yuxuan Yang; Mengjie Chen; Lingling Ding; Jiaxi Liu; Jiansheng Luo; Ruyu Yan; Jiaqi Ning; Siyi Xie; Xiang Li; Zhihao Ren; Ruiling Zhou; Zhuoya Chen,Neural regeneration research,2025,2026,"Mitochondria-associated endoplasmic reticulum membranes serve as crucial signaling hubs mediating communication between the endoplasmic reticulum and mitochondria, and play a central role in calcium ion exchange. This dynamic interface regulates key cellular processes including bioenergetic metabolism, apoptosis, autophagy, and stress responses. Dysregulation of calcium transport associated with mitochondria-associated endoplasmic reticulum membranes can disrupt intracellular homeostasis, leading to mitochondrial dysfunction, oxidative stress, and neuronal death, which are hallmarks of aging and neurodegenerative diseases. This review systematically examines the functions of protein complexes within mitochondria-associated endoplasmic reticulum membranes and the pathogenic mechanisms of calcium signaling regulated by these membranes in neurodegenerative disorders. It places particular emphasis on structural alterations in calcium ion transport machinery as a common mechanism underlying various neurodegenerative diseases. In Alzheimer's disease, mitochondria-associated endoplasmic reticulum membranes exhibit a hyperactive state, promoting the generation of amyloid-β and enhancing calcium ion flux from the endoplasmic reticulum to the mitochondria. In contrast, in Parkinson's disease and amyotrophic lateral sclerosis, the activity of mitochondria-associated endoplasmic reticulum membranes is reduced, leading to a decline in mitochondrial calcium ion buffering capacity and exacerbating excitotoxicity. Proteins residing in mitochondria-associated endoplasmic reticulum membranes are disrupted across various neurodegenerative diseases, resulting in abnormal communication between the endoplasmic reticulum and mitochondria. Recent studies indicate that mitochondria-associated endoplasmic reticulum membranes play a bidirectional role in disease progression, and compensatory mechanisms often exacerbate the pathological process. Therapeutic strategies aimed at preserving the integrity of mitochondria-associated endoplasmic reticulum membranes hold promise for alleviating neurodegenerative damage. Therefore, calcium ion exchange mediated by mitochondria-associated endoplasmic reticulum membranes plays a key role in aging and neurodegenerative diseases, making it a highly promising therapeutic target."
41467440,Error-prone translation as a driver of proteostasis collapse and neurodegeneration.,Rashid Akbergenov; David P Wolfer; Dennis Gillingham; Dimitri Shcherbakov,Neural regeneration research,2025,2026,"Error-prone translation, resulting in inaccuracies in protein synthesis, is increasingly recognized as a critical contributor to proteostasis disruption and the pathogenesis of age-related neurological disorders. In recent years, numerous studies have elucidated that stochastic errors during mRNA translation may act as a molecular ""tipping point"" initiating pathogenic protein misfolding. A detailed analysis of how translation errors lead to protein misfolding, aggregation, and subsequent neurotoxicity will facilitate the identification of promising therapeutic targets for neurodegenerative diseases such as Alzheimer's disease, Parkinson's disease, and amyotrophic lateral sclerosis. This article explores the contribution of mistranslation to proteostasis decline, focusing on the unique vulnerabilities of neuronal cells. We review the sources of translation errors, effects of ribosomal ambiguity and error-restrictive mutations, role of proteostatic mechanisms (such as molecular chaperones, ubiquitin-proteasome system, and unfolded protein response), and provide a unified perspective that links age-related translational infidelity to neurodegeneration. By synthesizing the most recent data obtained with genetically modified cellular and animal model studies, we highlight how age-associated decline in translational fidelity exacerbates proteostasis failure and propose potential therapeutic interventions targeting translation accuracy to mitigate neurodegeneration."
41467438,"Organoids: Key advances, optimization, and technological iterations in their application to neurodegenerative diseases.",Jiangyu Zhao; Jing Wang; Xing Guo,Neural regeneration research,2025,2026,"Organoid technology, as an innovative approach, has shown great potential in disease modeling, target screening, and the development of treatment strategies. However, traditional organoids still have three major limitations in research: the absence of specific cell types, the lack of blood-brain barrier structure, and insufficient reproducibility of experimental results. In recent years, researchers have gradually overcome these limitations by introducing innovative techniques such as advanced culture methods, microfluidic systems, bioprinting, organoid transplantation, and assembloid construction. This progress has facilitated the widespread application of organoids in the study of neurodegenerative diseases. This paper aims to systematically review the technological innovations of organoids in the study of neurodegenerative diseases. By summarizing classical organoid construction strategies and their limitations, it emphasizes the value of organoids in comprehensive applications within neurodegenerative disease research. In this review, we focus on five specific neurodegenerative diseases: Alzheimer's disease, Parkinson's disease, Huntington's disease, amyotrophic lateral sclerosis, and frontotemporal dementia. Research in these diseases demonstrates that organoids improve experimental accessibility and reduce development cycles in disease modeling, target discovery, and therapeutic strategy formation. Using customized equipment and gene editing techniques, these organoids can be tailored to specific needs, providing pathophysiologically relevant disease models and enhancing our understanding of neurodegenerative diseases. Although organoid technology has demonstrated significant advantages in disease research, its potential for treating neurodegenerative diseases has not yet been fully explored, which may become an important direction for future research."
41467429,Therapeutic potential of astrocyte transdifferentiated neurons.,Xiaojun Liang; Rongxing Qin; Qingchun Qin; Wei Xu; Hongyu Xu; Xinyu Lai; Lingduo Shao; Caiqi Li; Minshan Xie; Xiaoyuan Xiong; Qi Tang; Li Chen,Neural regeneration research,2025,2026,"The permanent functional deficits resulting from the inability of adult mammalian central nervous system neurons to regenerate after injury present a significant clinical challenge. While traditional stem cell transplantation strategies continue to encounter ethical concerns and the risk of immune rejection, this impasse has shifted regenerative medicine research toward targeting endogenous astrocytes. Due to their intrinsic plasticity, widespread distribution throughout the central nervous system, and affinity for neurodevelopmental lineage, astrocytes are a unique target for in situ neuronal regeneration. This review systematically elucidates the core regulatory network governing astrocyte transdifferentiation, identifying 10 key signaling pathways, such as Wnt signaling pathway, that form a cascade regulatory system. Directed overexpression of transcription factors such as NeuroD1, Ascl1, or Neurog2 can directly initiate neuronal phenotypic conversion. Meanwhile, small molecule compounds such as valproic acid combined with CHIR99021 activate endogenous neurogenic programs by inhibiting the bone morphogenetic protein signaling axis. Notably, polypyrimidine tract binding protein 1 ( PTB ) gene silencing significantly enhances transdifferentiation efficiency by suppressing the microRNA 124/re1 silencing transcription factor (miR-124/REST) feedback loop. From a translational perspective, a multidimensional evaluation system based on morphological, molecular marker, and electrophysiological properties has demonstrated considerable therapeutic potential. In stroke models, NeuroD1-mediated transdifferentiation replenished approximately 30% of lost cortical neurons and improved motor coordination, evidenced by enhanced performance in food pellet retrieval, grid walking, and cylinder tests compared with controls. In spinal cord injury studies, SOX2-induced glutamatergic neurons moderately reduced glial scar density by about 25%, permitting regenerating axons to pass through while preserving the supportive structure of scar. In neurodegenerative contexts, PTB inhibition yielded functionally mature dopaminergic neurons and reconstructed nigrostriatal pathways in Parkinson's disease models. In Alzheimer's disease models, adeno-associated virus-delivered NeuroD1 induced whole-brain neural circuit remodeling, generating 500,000 new neurons widely distributed across the cortex and hippocampus, accompanied by improved cognitive performance. Current technical limitations include off-target effects of adeno-associated virus vectors, which cause nonspecific gene expression and require rigorous validation via Cre-loxP lineage tracing. Transdifferentiation efficiency is also highly influenced by regional microenvironments: gray matter astrocytes show higher conversion rates than those in white matter, and oxidative stress increases apoptosis among newly generated neurons. Clinical translation is further constrained by the safety of delivery systems and the aging tissue microenvironment, where transforming growth factor beta 1 is often elevated. Ferroptosis inhibitors have been shown to nearly double the survival rate of transdifferentiated cells, offering a novel strategy to mitigate oxidative damage. Based on current evidence, astrocyte transdifferentiation enables neural functional recovery across multiple disease models through endogenous repair mechanisms. Future advances should focus on optogenetically inducible vectors for spatiotemporal precision, non-viral delivery systems to mitigate vector-related risks, and integration of long-term safety validation in non-human primates with single-cell multi-omics technologies to facilitate the clinical translation of personalized regenerative therapies."
41467421,Cell-based immunotherapy for neurodegenerative disease: A promising avenue.,Tomas J Huerta; Valentina Urbina-Muñoz; Valentina Urra-Alvarez; Cristopher Villablanca; Luis S Gomez-Perez; Barbara Saavedra; Tomás Contreras; René L Vidal,Neural regeneration research,2025,2026,"Neurodegenerative diseases such as amyotrophic lateral sclerosis, Alzheimer's disease, Parkinson's disease, and Huntington's disease are characterized by progressive neuronal loss and chronic neuroinflammation, with current treatments remaining largely symptomatic. This review explores the potential of cell-based immunotherapy as a disease-modifying strategy. Advances in stem cell biology and immune engineering have facilitated the development of therapies using mesenchymal stem cells, chimeric antigen receptor T cells, macrophages, regulatory T cells, modified macrophages, and monoclonal antibodies. These approaches aim to regulate immune mechanisms implicated in neurodegeneration, such as microglial activation, systemic inflammation, and immune checkpoint dysregulation. Notably, macrophage-mediated delivery systems, such as genetically modified cells expressing neurotrophic factors or antioxidant enzymes, have demonstrated neuroprotective effects. Likewise, emerging data support T-cell modulation and monoclonal antibody development as therapeutic targets in amyotrophic lateral sclerosis, Alzheimer's disease, Parkinson's disease, and Huntington's disease. We highlight current preclinical findings, underlying mechanisms, and translational challenges, emphasizing that immunomodulatory cell therapies represent a promising avenue for precision medicine in neurodegenerative diseases."
41467414,High mobility group box 1 and its post-translational modifications: Molecular mechanisms underlying neurodegenerative disease pathogenesis.,Jun Li; Naming Wu; Yifan Xiao; Yiyuan Xia,Neural regeneration research,2025,2026,"High mobility group box 1 is a dynamic nuclear protein that acts as a damage-associated molecular pattern when released from cells and plays key roles in neurodegenerative diseases. This review comprehensively analyzes the related post-translational modifications that affect the dual functions of high mobility group box 1 in neuroinflammation and neuronal survival, including acetylation, phosphorylation, oxidation, S-nitrosylation, lactylation, and ubiquitination. Post-translational modifications play critical regulatory roles in high mobility group box 1 subcellular localization, release processes and the specificity of receptor binding. In Alzheimer's disease, high mobility group box 1 exacerbates the disease through the Toll-like receptor 4/nuclear factor kappa B signaling pathway. Inhibition of high mobility group box 1 acetylation can alleviate neuroinflammation. Parkinson's disease models indicate that the S-nitrosylation of Cys106 is essential for the secretion of high mobility group box 1, which contributes to dopaminergic degeneration through the activation of microglia. In multiple sclerosis, high mobility group box 1 obstructs remyelination by inhibiting the maturation of oligodendrocytes and activating pro-inflammatory pathways. In contrast, high mobility group box 1 can maintain autophagy and DNA repair functions, suggesting its protective role. Therapeutic strategies targeting high mobility group box 1 show potential benefits. Glycyrrhizic acid inhibits disulfide-linked high mobility group box 1, SIRT activators suppress acetylation, and anti-high mobility group box 1 antibodies neutralize extracellular isoforms, thereby improving the results of preclinical studies. However, the diverse functions of high mobility group box 1 and the lack of post-translational modification-specific biomarkers present challenges for clinical translation. Future research should aim to create selective inhibitors that can cross the blood-brain barrier to target harmful forms of high mobility group box 1, and establish post-translational modification-based biomarkers for early detection. This review emphasizes that accurately targeting of high mobility group box 1 post-translational modifications in neurodegenerative diseases could be a new approach that can interrupt neuroinflammatory cascades while maintaining neuroprotective functions."
41467389,"Sex hormones, the gut microbiome, and neurodegenerative diseases: Lifespan perspective.",Sarah Stahlke; Carsten Theiss,Neural regeneration research,2025,2026,"The gut-brain axis represents a highly integrated communication network, connecting the gastrointestinal tract and the central nervous system via neural, immune, endocrine, and metabolic pathways. Steroid hormones, such as estrogens, androgens, and glucocorticoids, play a pivotal role in modulating these interactions across the lifespan. These hormones influence the composition of microbiota, intestinal permeability, and neuroimmune responses, thereby shaping brain function and behavior. Emerging evidence suggests a correlation between disruptions in the gut-brain axis and the onset and progression of neurodegenerative diseases, including Parkinson's disease, Alzheimer's disease, and multiple sclerosis. The diseases exhibit distinct sex-specific patterns in terms of prevalence, symptomatology, and progression. These patterns are often the consequence of differences in steroid hormone levels, receptor distribution, and immune responses. Despite these differences, the role of sex as a biological variable remains underrepresented in experimental and clinical research. This review synthesizes current evidence on how steroid hormones modulate gut-brain axis interactions and how these mechanisms contribute to neurodegeneration in a sex-specific manner. We highlight recent findings on hormonal regulation of the gut microbiome and its impact on neuroinflammation and neuronal vulnerability. This overview focuses not only on Parkinson's disease, in which genetic variations in the gene for brain-derived neurotrophic factor have been observed among others as triggers for dopaminergic neurodegeneration. In addition, Alzheimer's disease and multiple sclerosis are also considered, in which the prevalence of intestinal dysbiosis and impaired intestinal barrier function have been identified as significant influencing factors. This review provides a comprehensive framework for understanding the gender-specific neurobiology of gut-brain axis by integrating perspectives from the fields of endocrinology, neuroimmunology, and microbiome research. It is argued that a targeted investigation of the interactions between hormones and gut-brain axis is essential for the development of sex-specific therapeutic strategies for neurodegenerative diseases."
41169217,Retinal proteomics in neurodegeneration: Insights into ocular and brain disorders.,Shahab Mirshahvaladi; Bhakta Prasad Gaire; Sara Assar Kashani; Aparajeeta Guha; Yosef Koronyo; Dieu-Trang Fuchs; Yuyi You; Keith L Black; Joao A Paulo; Stuart L Graham; Vivek Gupta; Mehdi Mirzaei; Maya Koronyo-Hamaoui,Neural regeneration research,2025,2026,"Dysregulated proteome in the retina represents a promising avenue for discovering novel therapeutic targets and noninvasive diagnostic biomarkers for neurodegenerative diseases with ocular manifestations. Advanced mass spectrometry-based proteomics techniques have shown considerable potential in investigating the retinal proteome in diseases such as glaucoma, age-related macular degeneration, diabetic retinopathy, retinitis pigmentosa, as well as Alzheimer's disease, amyotrophic lateral sclerosis, and Parkinson's disease. Recent proteomics innovations are overcoming challenges such as limited sample size and protein coverage that previously hindered comprehensive retinal proteome analysis. Notably, the incorporation of artificial intelligence-driven computational pipelines, including Graphics Processing Unit-accelerated deep learning architectures, has markedly enhanced the precision and effectiveness of retinal proteomics. These advances facilitate high-resolution identification of novel protein signatures within large-scale multi-omics datasets. Furthermore, the integration of advanced artificial intelligence with state-of-the-art big data infrastructures supports the early detection of biomarkers and therapeutic targets in neurodegenerative diseases with ocular involvement, offering unprecedented disease specificity and sensitivity. In addition to these computational strides, emerging complementary and alternative technologies continue to provide valuable tools for retinal analysis, expanding the potential for identifying biomarker and therapeutic targets in both ophthalmic and neurodegenerative disorders. This review summarizes recent advancements in retinal proteomics, with a particular focus on neurodegenerative and ocular diseases."
41169204,Advancements in differentiation of induced pluripotent stem cells into specialized neuronal subtypes.,Selena Setsu; Hideyuki Okano; Satoru Morimoto,Neural regeneration research,2025,2026,"The ability to generate specialized human neurons from induced pluripotent stem cells has revolutionized neuroscience, regenerative medicine, and drug discovery. Since their discovery, induced pluripotent stem cells have emerged as an ethically favorable and versatile platform to model human neurological diseases, offering new insights beyond traditional animal models. In the past decade, rapid advances have enabled the efficient differentiation of induced pluripotent stem cells into diverse neuronal subtypes, including glutamatergic neurons, GABAergic neurons, dopaminergic neurons, serotonergic neurons, motor neurons, sensory neurons, Purkinje cells, sympathetic neurons, parasympathetic neurons, and noradrenergic neurons. Tailored combinations of developmental signaling molecules, transcription factor programming, and small molecule modulation have dramatically improved the reproducibility, scalability, and functional maturity of these differentiated neurons. These advancements are particularly timely as they underpin the next generation of disease modelling platforms, high-throughput drug screening systems, and emerging cell-based therapies for conditions such as Parkinson's disease, amyotrophic lateral sclerosis, epilepsy, and Alzheimer's disease. Moreover, the field is moving toward standardized, chemically defined protocols and improved validation pipelines, including electrophysiological assays and molecular profiling, to ensure the authenticity and maturity of induced pluripotent stem cell-derived neurons. Notably, recent breakthroughs in sympathetic and parasympathetic neuron derivation are expanding the scope of induced pluripotent stem cell technology into autonomic nervous system research and cardiac neuromodulation studies. However, challenges remain, including variability across induced pluripotent stem cell lines, incomplete neuronal maturation, and scalability constraints for clinical-grade applications. Addressing these hurdles through optimization of patterning cues, co-culture systems, and advanced bioprocessing strategies will be crucial to realizing the full translational potential of induced pluripotent stem cell-derived neurons. Collectively, the methodologies and developments summarized here mark a major step toward achieving faithful, efficient, and scalable generation of human neurons in vitro , laying the foundation for personalized neurology and regenerative medicine."
41017689,"Neurotoxicity, α-synuclein pathology, and mitochondrial dysfunction: A comparative study of different mouse models of Parkinson's disease.",Xiwen Tang; Yifei He; Min Liang; Penggang Ning; Jiayin Zhao; Yunhe Zhang; Xin Yan; Ruilin Sun; Gang Wei; Ruling Shen; Fang Huang; Mei Yu,Neural regeneration research,2025,2026,No abstract available
40903936,O-GlcNAcylation: A molecular switch linking brain health to neurodegeneration.,Nan Shao; Xiaoyan Zhang; Yunzhi Ge; Jiaxuan Tang; Huawu Gao; Wenwen Si; Biao Cai,Neural regeneration research,2025,2026,"Neurodegenerative disorders are typically caused by harmful protein accumulation and nerve cell damage. A post-translational modification called O-linked N-acetylglucosamine ylation acts as a critical regulator in these disorders by controlling protein behavior, cell signaling, and energy balance. This modification is dynamically balanced through the cooperative actions of O-linked N-acetylglucosamine transferase and O-GlcNAcase. In healthy brains, O-GlcNAcylation supports nerve cell function and survival, but its imbalance contributes to disease progression. Notably, the effects of O-GlcNAcylation differ across disorders. This review reveals how O-GlcNAcylation bridges molecular mechanisms to neurodegeneration, as well as the prospects of targeted O-linked N-acetylglucosamine acylation therapy for neurodegenerative diseases. In Alzheimer's disease, it blocks toxic changes in key proteins like tau and amyloid-beta. In Parkinson's disease, it reduces the clumping of alpha-synuclein, yet may disrupt dopamine production. In amyotrophic lateral sclerosis, it protects nerve fiber transport systems. Additionally, O-GlcNAcylation plays an indispensable part in other neurodegenerative conditions, including Huntington's disease, aging, Machado-Joseph disease, multiple sclerosis, and giant axonal neuropathy. New therapies targeting this mechanism include glucosamine supplements and O-GlcNAcase inhibitors, which show clinical promise but face translational challenges."
42221550,Interaction between N6-methyladenosine (m<sup>6</sup>A) modification and toxicant-related neurodegeneration: From neural development to pathophysiology.,Zhou She; Peng Huang; Senlin Luo; Lu Zhang; Hong Peng; Yufen Tang; Yuqiong Chen; Jinwen Luo; Wangxin Duan; Lingjuan Liu; Liqun Liu,Genes & diseases,2025,2026,"N6-methyladenosine (m<sup>6</sup>A) modification is a crucial epigenetic mechanism that is widely expressed across various tissues and biological systems. It regulates gene expression by influencing the stability and translation of messenger RNAs, thereby affecting key physiological processes such as cell division, proliferation, and apoptosis. m<sup>6</sup>A modification plays an essential role in maintaining normal physiological functions and in the pathogenesis of a variety of diseases. Recent studies have highlighted the involvement of m<sup>6</sup>A in the development of the nervous system and its contribution to neurodegenerative diseases, including Alzheimer's and Parkinson's disease. However, research on the involvement of m<sup>6</sup>A in nervous system disorders induced by toxic substances remains limited. This review provides an updated overview of the role of m<sup>6</sup>A in neural development, with a particular focus on exploring the potential mechanisms by which m<sup>6</sup>A contributes to toxicant-related neurodegeneration diseases."
42148603,"Deep learning-based cognitive impairment brain imaging analysis: New methods, new technologies, and new paradigms.",Qingqin Xu; Jianwei Lu; Zhongfu Zhang; Dongsheng Xu; Chengxiang Guo,Neural regeneration research,2025,2026,"Cognitive impairment arising from ischemic stroke, Alzheimer's disease, and Parkinson's disease presents distinct structural and network-level alterations. Brain magnetic resonance imaging offers a non-invasive and high-resolution approach to assess these changes, while deep learning provides powerful tools for automated analysis. Given that accurate lesion delineation, precise localization of abnormal regions, and reliable disease classification are fundamental to clinical decision-making. This review aims to explore the application of deep learning techniques to brain magnetic resonance imaging analysis of cognitive impairments caused by these disorders, with a focus on three core tasks: lesion segmentation, object detection, and image classification. Recent widely accepted findings indicate that ischemic stroke studies have achieved state-of-the-art lesion segmentation performance, with optimized U-shaped convolutional network (U-Net) and hybrid convolutional neural network-transformer models reaching Dice scores up to 0.911 in delineating focal damage. Alzheimer's disease research has advanced classification and staging accuracy by more than 10% compared with unimodal baselines through three-dimensional convolutional neural network, Transformers, and multimodal fusion, enabling more precise detection of diffuse cortical atrophy. Parkinson's disease imaging, despite lacking overt structural lesions, has leveraged ResNet and Vision Transformer backbones to identify subtle and spatially distributed abnormalities, improving early-stage differentiation. Persistent challenges include the scarcity of large, high-quality annotated datasets, substantial inter-site variability, high annotation costs, and limited interpretability, hindering clinical integration. Addressing these barriers will require advances in federated learning to mitigate data scarcity while preserving privacy, domain adaptation techniques to reduce inter-site variability, automated annotation, and low-resource training strategies to lower labeling costs, and explainable artificial intelligence to improve interpretability, thereby ensuring model robustness, privacy, and transparency. This review highlights emerging methods, innovative technologies, and novel paradigms that are redefining brain imaging analysis in cognitive impairment. Mechanistically, deep learning improves cognitive impairment analysis by integrating hierarchical and multiscale spatial features, modeling long-range functional connectivity disruptions, and fusing structural with functional imaging to better represent network-level pathology. In conclusion, aligning network architectures with disease-specific imaging characteristics and task requirements can greatly enhance the accuracy, robustness, and generalizability of magnetic resonance imaging analyses for cognitive impairment. Future work should focus on multimodal fusion, structure-function coupling, cross-disease evaluations, and embedding artificial intelligence tools into clinical workflows to support early detection, individualized treatment planning, and large-scale clinical adoption."
42148602,When copper turns killer: Decoding copper dyshomeostasis and cuproptosis in neurodegenerative pathogenesis and precision metal interventions.,Wei Du; Tingyao Wu; Yonggang Fan; Min Zhao,Neural regeneration research,2025,2026,"Copper is an essential cofactor for neuronal metabolism, enzymatic functions, and neurotransmission. However, copper dyshomeostasis-induced redox activity makes the brain vulnerable to oxidative and proteostatic stress. Cuproptosis, a recently characterized form of programmed cell death, is triggered by copper binding to lipoylated enzymes of the tricarboxylic acid cycle, resulting in proteotoxic stress, mitochondrial dysfunction, and cell death. Given that mitochondria are central to copper handling and the primary site of cuproptosis, we examine mitochondrial pathways and key cuproptosis-related genes. We also assess disease-specific signatures of copper imbalance. In Alzheimer's disease, excess copper binds to amyloid-β, promoting aggregation and neurotoxicity. In Parkinson's disease, copper-bound α-synuclein fosters aggregation, while copper-driven redox cycling elevates reactive oxygen species. Cuproptosis worsens mitochondrial vulnerability in Parkinson's disease and impairs cellular stress responses in Huntington's disease. In amyotrophic lateral sclerosis, superoxide dismutase 1-related defects compromise antioxidant defenses alongside copper-dependent mitochondrial dysfunction. In prion diseases, copper facilitates prion protein misfolding and toxicity. Across these disorders, common features include mitochondrial dysfunction and cuproptosis hallmarks-such as enhanced protein lipoylation, elevated reactive oxygen species, impaired electron transport chain activity, fragile Fe-S clusters, and increased reliance on the tricarboxylic acid cycle-which collectively increase neuronal susceptibility to copper dyshomeostasis. Clarifying and understanding the critical roles of copper metabolism not only elucidates the pathogenesis of neurodegenerative diseases but also offers alternative therapeutic strategies. This review uniquely integrates the mitochondria-centered cuproptosis axis with copper dyshomeostasis across Alzheimer's disease, Parkinson's disease, Huntington's disease, amyotrophic lateral sclerosis, and prion diseases, mapping convergent vulnerabilities to mechanism-grounded interventions and outlining testable translational routes."
41495612,Nose-brain axis: A bridge from the nasal cavity to the central nervous system.,Guohui Yang; Dongdong Zhu; Kaizhi Zhang,Neural regeneration research,2025,2026,"The nose-brain axis is a direct pathway linking the nasal cavity to the central nervous system. Odors, as well as exogenous substances such as pathogens, inflammatory mediators, and drugs, can enter the cranial cavity through pathways including the olfactory nerve, trigeminal nerve, and humoral routes, thereby enabling signal transmission and material exchange from the peripheral nasal cavity to the central nervous system. In recent years, advances in multimodal visualization technologies have made it possible to dynamically monitor the nose-brain axis from the molecular level to the tissue level, providing important means for revealing its functional characteristics and pathological changes. Owing to the existence of the nose-brain axis, nasal inflammation can, through neuro-immune interactions, activate central microglia and astrocytes and induce neuroinflammation, thus promoting the onset and progression of central nervous system diseases. In addition, the nose-brain axis offers a unique route for the treatment of central nervous system disorders. Intranasal drug delivery can bypass the blood-brain barrier, act directly on the central nervous system, increase intracranial drug bioavailability, and produce rapid effects, providing new ideas for treating cross-system diseases. This review systematically summarizes the anatomical pathways of the nose-brain axis, visualization monitoring technologies, and mechanisms by which nasal inflammation affects the central nervous system. It also reviews advances in intranasal drug delivery for emotional disorders, migraine, Parkinson's disease, and Alzheimer's disease, aiming to provide new strategies for studying the mechanisms by which nasal inflammation influences the central nervous system and for cross-system targeted therapy."
41467439,Microbiota-gut-brain axis and bile acids-driven neuromodulation.,Taiwei Dong; Tianyi Zhang; Huanhuan Wang; Jing Zhang; Reema Abdullah; Binggui Sun; Guoping Peng,Neural regeneration research,2025,2026,"Bile acids emerge as multifunctional signaling molecules with dual hepatic and microbial origins, acting through farnesoid X receptor and Takeda G protein-coupled receptor 5 to influence inflammation and metabolism. Their dysregulation is consistently observed across various neurodegenerative diseases. The microbiota-gut-brain axis is a pivotal conduit for bile acids-driven neuromodulation, while sex-specific bile acid profiles and signaling pathways introduce critical biological heterogeneity. Emerging translational evidence indicates the promise of bile acids as biomarkers and therapeutic targets, yet highlights the critical hurdles that need to be addressed to realize precision interventions. Our core findings are: (1) Bile acids are far more than mere metabolic byproducts. They orchestrate core pathological processes such as neuroinflammation and energy metabolism. Their functions, whether neuroprotective or neurotoxic, are highly context-dependent, varying with cell type and disease-specific pathological backgrounds, thus exhibiting a potent ""double-edged sword"" effect. (2) The ""microbiota-bile acids-brain axis"" serves as a crucial bridge linking peripheral metabolic dysregulation to central nervous system pathology. (3) Sexual dimorphism emerges as a fundamental biological variable essential for understanding the heterogeneity in bile acid profiles and disease susceptibility. The primary contribution of this work is the proposal of an integrated ""microbiota-bile acids-sex"" framework that systematically describes the key scientific challenge of the context-dependent, dual roles of bile acids. Ultimately, this review champions a paradigm shift from a traditional brain-centric view to a systemic, metabolic perspective, establishing the bile acid system as a promising target for future precision therapeutic interventions."
41467411,Targeting the NLRP3-NEK7 axis with rebamipide: Drug repurposing in Parkinson's disease.,Hye-Sun Lim; Gunhyuk Park,Neural regeneration research,2025,2026,No abstract available
41452680,Upper Limb Exercises Reduce Non-motor Symptoms and Increase Cognitive Function in Parkinson's Disease: Randomized Controlled Trial.,Valton Costa; Maryela Menacho; Thalita Frigo da Rocha; Felipe Fregni; Larissa Pires de Andrade; Anna Carolyna Gianlorenço,Journal of geriatric psychiatry and neurology,2025,2026,"BackgroundPhysical exercise is a promising approach to address non-motor symptoms (NMS) in Parkinson's disease (PD), although the most effective modalities remain under investigation.ObjectiveTo compare the effects of three upper limb (UL) exercise modalities-resistance training (RES), aerobic exercise (AER), and task-specific training (TST)-on NMS in PD.MethodsThirty-seven community-dwelling individuals with PD (mean age = 62 ± 10 years; mean diagnosis duration = 7 ± 5 years; mean Hoehn & Yahr stage = 2 ± 0.4) were randomized into three intervention groups (RES, AER, TST) and a usual care control group. Interventions were performed three times per week, 40-50 minutes per session, over 8 weeks. Clinical outcomes included overall NMS (Movement Disorder Society-Unified Parkinson's Disease Rating Scale Part I, MDS-UPDRS I), global and domain-specific cognition (Mini-Mental State Examination [MMSE], Addenbrooke's Cognitive Examination-Revised [ACE-R], Trail Making Test), depression (Geriatric Depression Scale [GDS]), and anxiety (Beck Anxiety Inventory [BAI]). Intervention effects were analyzed using mixed-effects models and non-parametric factorial analyses.ResultsBetween-group analyses showed that UL exercises similarly reduced overall NMS severity and cognitive dysfunction, while maintaining baseline fatigue levels, in contrast to deterioration in the CON. RES and TST reduced anxiety (BAI), and RES also reduced apathy. Within-group improvements in cognitive domains, depression, hallucinations, and sleep problems were observed in the RES and TST groups.ConclusionsThis is the first study to demonstrate that isolated UL exercise modalities exert clinically relevant effects on NMS in PD. These modalities may be valuable additions to multidimensional rehabilitation strategies in PD care. [Brazilian Registry of Clinical Trials: RBR-7zjgnrx]."
42444486,Branched-chain amino acids and gut microbiota: coregulation and impact on neurological function via the gut-brain axis.,Qiong Li; Baowen Fan; Yao Xiao; Zhe Zhang; Siyi Zhao; Bin Liao; Jie Zeng; Xuesong Shan; Haonan Ye; Yuqi Wen; Lieliang Zhang; Hua Guo; Feng Xiao; Hong Zhu,Gut microbes,2026,2026,"Diseases that cause neurological dysfunction, such as Parkinson's disease (PD), Alzheimer's disease (AD), and maple syrup urine disease (MSUD), among others, are characterized by complex and multifaceted etiologies. There is growing evidence that branched-chain amino acids (BCAAs), regulated by the gut microbiota, play a critical role in the development of the central nervous system (CNS) disorders. This review focuses on the potential role of branched-chain amino acid metabolism in regulating brain function and gut microbiota. First, we summarize the current understanding of BCAAs, encompassing their biochemical metabolism, function, and systemic metabolic mechanisms. Subsequently, we delve into the mechanisms through which the gut microbiota regulates branched-chain amino acid metabolism, along with its mechanistic insights and recent evidence of its impact on neurological disorders. Finally, we discuss future research directions and challenges regarding gut BCAAs metabolism as a potential treatment for brain and gastrointestinal dysfunction."
42400260,Vitamin B6 produced by gut microbiome regulates host behavioral phenotypes through dopaminergic metabolism.,Doyeon Kim; Minshu Li; Thi Ha Nguyen; Yu-Jeong Choi; Sojeong Jang; Minhyeong Kim; Young-Kwang Kim; Min-Kyoo Shin; Arvie Camille V de Guzman; Sunghyouk Park,Gut microbes,2026,2026,"The gut microbiome modulates host neuropathology, but the mechanisms linking specific microbial genes and metabolites to host phenotypes remain poorly defined. Here, we identify microbiome-derived vitamin B6 (VB6) and its biosynthesis gene as key regulators of host dopaminergic homeostasis. Metagenomic analysis of fecal samples from Parkinson's disease (PD) patients revealed enrichment of biosynthetic pathways for pyridoxal-5'-phosphate (PLP), the active form of VB6, and tyrosine decarboxylase genes. Using <i>E. coli-C. elegans</i> symbiotic models, we demonstrate that the bacterial <i>pdxJ</i> gene, encoding a key enzyme in de novo VB6 synthesis, is essential in regulating host dopaminergic homeostasis. Colonization with <i>pdxJ</i>-deficient bacteria led to reduced host VB6 and dopamine levels, reduced dopaminergic enzyme activity, and altered motor behavior, which were all rescued by VB6 supplementation. In PD-relevant <i>C. elegans</i> models, bacterial PLP biosynthesis modulated <i>α</i>-synuclein aggregation and behavioral deficits associated with human LRRK2 mutations. In mice, colonization with <i>pdxJ</i>-deficient bacteria reduced serum VB6 levels, decreased tyrosine hydroxylase staining in the substantia nigra, and impaired motor coordination, which were rescued by VB6 supplementation. Overall, our results define a bacterial <i>pdxJ</i>-PLP-dopamine axis that links gut microbial metabolism to host dopaminergic phenotypes and suggest bacterial VB6 biosynthesis as a potential modifier of PD risk and a context-dependent therapeutic target."
42241031,Uric acid alleviates the inflammatory response in LPS-induced BV2 cells and MPTP-induced PD mice by resisting ferroptosis through the Nrf2 signalling pathway.,Dongmei Zhou; Tian Xiong; Bing Yang; Fanjie Liu; Xianglai Mo; Ting Chen; Peipei Lu; Xinghuan Liang; Li Li; Yingfen Qin; Decheng Lu; Feng Huang; Xi Yang,Redox report : communications in free radical research,2026,2026,"Neuroinflammation, oxidative stress, and ferroptosis are implicated in Parkinson' s disease (PD) pathogenesis. Epidemiological studies suggest that elevated uric acid (UA) levels may reduce PD risk, but the precise molecular mechanisms involved remain unclear. In this study, we investigated the effects of UA in lipopolysaccharide (LPS) or MPP+-stimulated BV2 microglia and MPTP-induced PD mouse models. BV2 cells are recognized as a standardized and reproducible neural inflammatory cell model for mechanism exploration. The anti-ferroptosis and anti-inflammatory effects of UA were assessed in LPS or MPP+ stimulated BV2 microglia and in an MPTP-induced PD mouse model. Western blot, qPCR, ELISA, and immunofluorescence were used to analyse the expression of inflammasome-related markers. ROS, MDA, GSH, and Fe²⁺ levels were measured using testing kits, while mitochondrial ultrastructure was evaluated through transmission electron microscopy. PD-related markers were assessed by ethology and immunohistochemistry. The Nrf2 inhibitor ML385 was employed to validate pathway specificity. We found that UA treatment reduced the expression of proinflammatory cytokines (TNF-<i>α</i>, IL-6, and IL-1β), ROS production, lipid peroxidation, and intracellular Fe²⁺ in BV2 microglia while increasing the antioxidant capacity and preserving the mitochondrial ultrastructure. In MPTP-treated mice, UA improved motor performance, preserved dopaminergic neuron density in the substantia nigra, and reduced neuroinflammation. UA activated Nrf2 signalling and upregulated GPX4 expression, which were attenuated by ML385, confirming the Nrf2 dependence of these effects. UA alleviates ferroptosis and neuroinflammation in LPS or MPP+ stimulated BV2 microglia and MPTP-induced PD mouse models through the activation of the Nrf2 signalling pathway."
41896164,Interventions to support young carers/supporters of people living with dementia: a mixed methods systematic review.,Kirstie Goodchild; Ellice Parkinson; Jane L Cross,International journal of qualitative studies on health and well-being,2026,2026,"Despite children being young carers for people living with dementia globally, and evidence suggesting they need more support, there is limited research evaluating best practice for dementia-care related interventions for children. The purpose of this work was therefore to comprehensively summarise the existing literature by synthesising studies appraising existing child-focused and dementia-care relevant interventions. A mixed methods systematic review with a convergent integrated synthesis approach. Four databases were systematically searched from 1st January 2013 to 9th February 2024. Qualitative, quantitative, and mixed methods studies evaluating any intervention programme that aimed to improve children's understanding and/or support for people living with dementia were included. Seventeen studies, evaluating 15 different interventions (1,345 participants), were eligible for inclusion. Extracted data were inductively synthesised into 18 categories, forming six integrated findings relating to what makes interventions useful for helping children to understand and/or support people living with dementia. The findings can inform the development of interventions for children with dementia care responsibilities, and further robust research."
41709439,Bacterial constipation: Mucin-degrading intestinal commensal bacteria cause constipation.,Tomonari Hamaguchi; Noriaki Gibo; Misuzu Ohara; Mikako Ito; Tomoyuki Ogura; Jun-Ichi Takeda; Hiroshi Nishiwaki; Fei Zhao; Ryo Kinoshita-Daitoku; Masashi Hattori; Koji Nonogaki; Tetsuya Maeda; Kenichi Kashihara; Yoshio Tsuboi; Masaaki Hirayama; Mitsuhiro Fujishiro; Hiroki Kawashima; Kinji Ohno,Gut microbes,2026,2026,"The contribution of gut microbes to constipation remains mechanistically underexplored, despite constipation being one of the most prevalent gastrointestinal disorders. Here, we identify cooperative induction of constipation by two mucin-degrading gut commensals: <i>Akkermansia muciniphila</i> and <i>Bacteroides thetaiotaomicron</i>. In constipated patients with Parkinson's disease (PD) and chronic idiopathic constipation (CIC), we observed that <i>A. muciniphila</i> and <i>B. thetaiotaomicron</i> were increased. Gnotobiotic mice colonized with either bacterium exhibited no constipation, whereas mice co-colonized with both bacteria developed constipation. Fecal mucins but not gastric mucins carry terminal sulfates. As fecal transcriptome of gnotobiotic mice suggested a sulfatase-dependent mechanism, we generated an anaerobic sulfatase-maturating enzyme (anSME)-deficient <i>B. thetaiotaomicron</i> strain that cannot catabolize the terminal sulfates of mucins. In the absence of anSME, constipation was ameliorated in co-colonized gnotobiotic mice. The synergic effect of the two bacteria is in accordance with our observation that <i>A. muciniphila</i> alone and constipation are not correlated in humans. As a bunch of intestinal bacteria other than <i>B. thetaiotaomicron</i> also catabolize mucin sulfates, they may substitute for <i>B. thetaiotaomicron</i> in patients with constipation. We propose bacterial constipation, in which cooperative degradation of colonic mucins by sulfatases and glycosylases by two commensal bacteria reduces lubrication and induces fecal dehydration, leading to the development of constipation. Targeting microbial sulfatase activity may be a promising therapeutic approach for patients with bacterial constipation."
42281553,A Time-Frequency Decoupled Contrastive Learning Framework for Electroencephalography-Based Parkinson's Disease Diagnosis.,Shunwu Xu; Lanxiang Chen; Hao Yan; Hong Zhang; Zhaowen Chen,International journal of neural systems,2026,2026,"Parkinson's disease (PD), a prototypical neurodegenerative disorder, poses significant challenges for early diagnosis. Motivated by recent advances in representation learning, a novel EEG-based diagnostic framework for PD, termed the time-frequency decoupling contrastive learning network (TDCNet), is introduced. The framework adopts collaborative contrastive learning between an online network and a momentum network to optimize latent representations in a self-supervised manner. It incorporates a temporal-evolution contrastive loss together with a frequency-aware contrastive loss, enabling adaptive decoupling of dynamic fluctuations and rhythmic patterns in EEG signals. Furthermore, structured pseudo-labels are constructed at the subject level to promote aggregation of intra-subject samples within the latent space. Ground-truth labels are introduced only in a downstream classifier for supervised evaluation. TDCNet achieves accuracies ranging from 95% to 99% across three public datasets under subject-dependent evaluation and 73% to 89% under subject-independent evaluation, consistently outperforming existing approaches. Additional analyses on datasets with available medication annotations (UC and UNM) suggest that medication status may potentially contribute to improved diagnostic performance. Brain-region investigations further reveal that central electrodes play a dominant role, yielding accuracies of 78% to 88% under subject-independent settings. Extensive ablation studies and comparative experiments confirm the effectiveness of the proposed framework and provide new insights into EEG-based PD diagnosis. The code is publicly available at https://github.com/Mike007-netizen/TDCNetn."
42336117,"A comprehensive review on Jiao-tai-wan: Traditional application, pharmacokinetics, and therapeutic mechanisms in multiple disorders.",Fengwei Nan; Wangjun Xu; Xian Wang; Qinghe Miao; Jingwei Sun; Ran Zhao; Xi Li; Yunfeng Zhou; Xinmei Xie; Xiaobin Pang,Journal of ethnopharmacology,2026,2026,"Jiao-tai-wan (JTW) is a renowned traditional Chinese medicine (TCM) compound formula documented in Han Shi Yi Tong in the Ming dynasty of China. It is composed of Coptidis Rhizoma (CR) and Cinnamomi Cortex (CC) in a ratio of 10:1, and employed to alleviate the heart-kidney disharmony syndrome according to the TCM theory. At present, JTW has been extensively utilized for the treatment of multiple diseases. This review aims to summarize current research progress on the traditional applications, bioactive components and their pharmacokinetic characteristics, as well as the pharmacological mechanisms of JTW in multiple disorders, in order to provide full-scale comprehending of JTW. A systematic literature search was conducted using multiple well-recognized databases, namely PubMed, Web of Science, ScienceDirect, and China National Knowledge Infrastructure. Several keywords were adopted to search the literatures related to JTW, such as Jiaotaiwan, Jiaotai pill, and Jiao-tai-wan. The diverse alkaloids derived from CR and essential oil from CC in JTW can be absorbed into the bloodstream, peripheral tissues, and brain. These components constitute the material basis for the neuroprotective and metabolic regulatory effects of JTW. Notably, CC significantly influences the pharmacokinetic properties of coptis alkaloids within JTW. Clinical trials and preclinical studies have demonstrated that JTW can ameliorate multiple conditions including insomnia, depression, cognitive impairment, Parkinson's disease, type 2 diabetes mellitus (T2DM), and polycystic ovary syndrome (PCOS). The neuroprotective effects of JTW are primarily attributed to its regulation on neurotransmitter, inflammation of gut-brain-axis, synaptic plasticity, microglia activation, and circadian rhythm. Furthermore, JTW promotes T2DM remission by upregulating AMPK pathway and insulin signaling, and restoring gut microbiota balance. For PCOS management, JTW modulates mitochondrial dynamic and cholesterol import, thereby improving clinical outcomes. JTW serves as a promising alternative therapy for multiple nervous system diseases and metabolic disorders owing to its diverse pharmacological activities, although its clinical translation remains to be established. Further research is urgently necessary to utilize integrated systems biology approaches (such as proteomics, metabolomics, and transcriptomics) for elucidating the intricate mechanisms of JTW and uncovering the biological basis that underlies the synergistic effects of CR and CC within JTW."
42320775,Ethnopharmacological landscape of Azadirachta indica (Neem): Phytochemical diversity bridging traditional heritage and modern medicine.,Arpit Sharma; Shruti S Raut; Alok Shukla; Nancy Parul; Amit Singh; Abha Mishra,Journal of ethnopharmacology,2026,2026,"Azadirachta indica A. Juss. (neem) is a cornerstone of traditional medicine across tropical regions, recognized for its broad-spectrum therapeutic applications. However, the translation of its extensive ethnopharmacological legacy into evidence-based therapy is hindered by fragmented reports and a lack of systematic integration. This narrative review aims to provide a quantitative and mechanistic synthesis of neem's phytochemical diversity and pharmacological landscape, explicitly distinguishing itself from prior work by mapping over 140 bioactive compounds to specific molecular pathways and clinical potential, while critically evaluating translational barriers. A literature search of Web of Science, PubMed, and Scopus was conducted for peer-reviewed articles published between January 2001 and November 2025, using keywords related to Azadirachta indica, neem phytochemistry, pharmacology, and toxicology. Phytochemical investigations have identified over 140 distinct compounds, including limonoids (e.g., azadirachtin, nimbolide, gedunin), flavonoids, and phenolic acids, distributed across all plant parts. These compounds modulate core signaling hubs-NF-κB, PI3K/Akt/mTOR, Nrf2, and MAPK-underpinning a broad pharmacological spectrum. Preclinical studies suggest that neem-derived compounds exhibit antiproliferative activity against breast, cervical, colon, and prostate cancer cell lines, although in vitro IC<sub>50</sub> values alone are not predictive of clinical efficacy. Neem extracts and phytochemicals have also demonstrated neuroprotective effects in experimental models of Alzheimer's and Parkinson's diseases and antidiabetic activity in streptozotocin-induced diabetic rodents; however, the translational relevance of these findings to human disease remains to be established through rigorous clinical investigation. Beyond human health, neem's insecticidal and antifeedant properties support eco-friendly agricultural applications. However, clinical validation remains strikingly limited: only fifteen interventional trials are registered, most for oro-dental conditions, with no published phase II/III results for systemic diseases. Toxicological reports confirm dose- and route-dependent risks, including pediatric encephalopathy from neem oil ingestion and embryotoxicity, necessitating explicit safety guidelines. Neem possesses validated, multi-target therapeutic potential, yet its clinical translation is currently impeded by poor bioavailability, extract standardization gaps, and a paucity of rigorous human trials. Future research must prioritize pharmacokinetic optimization (e.g., nanoformulations), establishment of certified reference materials, and well-designed phase trials in oncology and metabolic disease, rather than further preclinical cataloging."
42542687,Correction to: Optimized cortical EEG modeling for Parkinson disease diagnosis with snow Shepherd Stride tuning mechanism.,Morarjee Kolla; Rudra Kumar Madapuri; Prabhakar Kandukuri; Shobarani Salvadi; Satya Kiranmai Tadepalli; Ramesh Gajula,Cognitive neurodynamics,2026,2026,[This corrects the article DOI: 10.1007/s11571-025-10406-y.].
42542636,Reduced DJ-1/Nrf2/HO-1 antioxidant signalling is associated with type 2 diabetes-related aggravation of neurodegeneration in a mouse model of Parkinson's disease.,Honghao Xu; Mengjia Li; Yujia Li; Zhuochi Zou; Zichen Wang; Haroona Bashir; Shu Zhu; Qian Yang; Xianwei Zou,IBRO neuroscience reports,2026,2026,"Parkinson's disease (PD) and type 2 diabetes mellitus (T2DM) are increasingly recognized as comorbid conditions. Epidemiological evidence suggests that T2DM is associated with faster PD progression, but the biological processes that may connect these disorders remain incompletely understood. Oxidative stress is a shared pathological feature of both diseases, and the DJ-1/Nrf2/HO-1 pathway is an important antioxidant defence system. To determine whether T2DM is associated with more severe PD-like neurodegeneration and whether these changes are accompanied by reduced DJ-1/Nrf2/HO-1 antioxidant signalling in a mouse model of PD-T2DM comorbidity. Male C57BL/6 mice were assigned to control, T2DM, PD, or PD + T2DM groups. T2DM was induced by high-fat diet feeding combined with streptozotocin injection; PD was induced by unilateral intrastriatal 6-hydroxydopamine injection. Behavioural performance was assessed using rotarod and apomorphine-induced rotation tests. Nigrostriatal pathology was examined by haematoxylin-eosin, Nissl, and tyrosine hydroxylase immunohistochemistry. Oxidative stress markers (SOD, MDA, GSH) and DJ-1/Nrf2/HO-1 protein expression were measured in substantia nigra-striatum and serum. Final analyses included 10 control, 9 T2DM, 9 PD, and 9 PD + T2DM mice, with assay-specific sample sizes indicated in the Methods and figure legends. Compared with PD mice, PD + T2DM mice exhibited shorter rotarod latency, greater dopaminergic neuron loss, and stronger nigrostriatal oxidative stress (P < 0.05). DJ-1, Nrf2, and HO-1 expression was reduced in the substantia nigra-striatum of disease groups relative to controls, with Nrf2 and HO-1 significantly lower in PD + T2DM than in PD mice. Protein expression correlated positively with rotarod latency and antioxidant indices, and negatively with MDA content and fasting glucose. Serum oxidative stress markers showed similar directional trends, but most between-group differences were not statistically significant. In this combined toxin- and metabolism-based mouse model, T2DM was associated with more severe PD-like motor impairment and dopaminergic neuron loss, accompanied by reduced DJ-1/Nrf2/HO-1 antioxidant signalling and increased nigrostriatal oxidative stress. These findings are consistent with the possibility that impaired antioxidant defence contributes to PD-T2DM comorbidity, while causal pathway involvement requires confirmation by future gain- or loss-of-function studies."
42529862,"Beyond the role in motor function, entopeduncular nucleus, a critical neural hub in psychiatric disorders and sleep regulation.",Huaizhi Wang; Saboor Saeed; Nana Yan; Dan Wang,Annals of medicine,2026,2026,"The entopeduncular nucleus (EP) is a major output nucleus of the basal ganglia and plays a critical role in integrating motor, emotional, and behavioral processes. Although traditionally linked to motor control, accumulating evidence indicates that the EP is deeply involved in psychiatric disorders, sleep regulation, addiction, and mood-related behaviors. As the rodent homolog of the human internal Globus pallidus (GP) the EP represents a key translational structure bridging preclinical and clinical neuroscience. This narrative review was conducted following established narrative review methodology. Relevant literature was identified through a structured search of major biomedical databases. Peer-reviewed experimental and clinical studies investigating EP anatomy, connectivity, neurotransmitter systems, and functional roles were included. The review synthesizes findings from mouse and rat models employing optogenetic and chemogenetic manipulation, electrophysiological recording, neuroanatomical tracing, molecular approaches, and behavioral assays, alongside human neuroimaging, lesion, and deep brain stimulation studies. Evidence from rodent models demonstrates that the EP functions as a convergence hub integrating GABAergic, glutamatergic, dopaminergic, serotonergic, and endocannabinoid signaling. EP projections to the lateral habenula regulate aversive processing, addiction-related behaviors, and mood states. Cell-type-specific mouse studies identify entopeduncular circuits implicated in anxiety regulation. Dysregulation of EP circuits is implicated in depression, anxiety, and Parkinsonian motor dysfunction. Clinical and preclinical neuromodulation studies further support the therapeutic relevance of targeting EP circuits. The EP is a multifunctional neural hub extending beyond motor control. Integrating evidence from rodent and human studies highlights its importance in psychiatric and sleep disorders and supports its potential as a translational therapeutic target."
42516088,Generalized osteoporosis but not axial osteopenia is associated with cognitive impairment in Parkinson's disease.,Jian-Yong Wang; Wen-Bin Lu; Qiu-Yan Yu; Shu-Ting Guo; Qi-Xin Huang; Zi-Xuan Zhang; Cheng-Xiang Yuan; Bei-Lei Hu; Pei-Jun Li; Jian-Hong Zhu; Xiong Zhang,Annals of medicine,2026,2026,"Bone and brain interact bidirectionally through the brain-bone axis. However, the relationship between bone mineral density (BMD) and cognitive impairment in Parkinson's disease (PD) remains unclear. We screened and enrolled 120 PD patients, measuring BMD at the bilateral neck of femur, total hip, one-third distal radius and lumbar spine while assessing various clinical symptoms. Latent class analysis (LCA) was employed for BMD classification, followed by statistical analyses to assess their associations with cognitive impairment. Patients with cognitive impairment exhibited generally reduced BMD in the measured skeletal locations compared to those without cognitive impairment, while serum biochemical markers did not show this trend. LCA by utilizing multiple regional BMD measurements classified patients into two distinct clusters: axial osteopenia and generalized osteoporosis. Cognitive impairment was more pronounced in the generalized osteoporosis cluster. Further analysis showed that PD patients in the generalized osteoporosis cluster had an increased risk of cognitive impairment (adjusted odds ratio: 9.02, 95% confidence interval: 2.68-35.40). After stratification, this association was more prominent in older or male patients, in those whose non-dominant hand side exhibited more severe motor symptoms, and in patients with either a longer disease duration or the non-tremor dominant subtype. This study demonstrates for the first time that generalized osteoporosis, rather than axial osteopenia, is associated with cognitive impairment in PD. Interventions aimed at mitigating generalized BMD decline could be a potential therapeutic approach to improve cognitive function in PD patients."
42502326,Nigral biochemical and structural alterations following subacute exposure to MPTP in mice.,R Henry; A N Agbon; S A Musa; S B Oladele,Toxicology reports,2026,2026,"The substantia nigra is the critical part of the midbrain responsible for movement-related functions. Nigral alterations have been associated with neurological conditions related to movement disorders, including Parkinson's disease (PD). 1-methyl-4-phenyl-1,2,3,6-tetrahydropyridine (MPTP) is a toxin commonly used as a model of PD due to its selective nature of destroying dopaminergic neurons. However, toxicity varies among different animals and strains. Therefore, this study aimed to assess a comprehensive multi-level profile of early dopaminergic dysfunction by evaluating behavioural, biochemical, mitochondrial, neuroinflammatory, and histological assessments to characterise early nigrostriatal alterations in Swiss mice following subacute MPTP exposure. Twelve (12) adult male mice were randomly divided into two groups of six (6) mice each. Group I (control) was administered normal saline (1 ml/kg i.p.), while group II was administered MPTP (30 mg/kg i.p.) daily for 5 consecutive days. Twenty-four (24) hours following the last MPTP administration, the mice were assessed for neurobehavioural performance using the beam walk, pole, and traction test. Assessments of oxidative stress biomarkers [malondialdehyde (MDA), superoxide dismutase (SOD), catalase (CAT) and reduced glutathione (GSH)], mitochondrial complex 1 activity, neuroinflammatory markers (IL-1β and TNF-α), brain-derived neurotrophic factor (BDNF), monoamine oxidase B (MAO-B), dopamine level, and histological examination of the substantia nigra were conducted following subacute MPTP exposure. Exposure to MPTP altered neurobehavioural performance, oxidative stress biomarkers, neuroinflammatory markers (IL-1β, TNF-α), and other assessed biochemical parameters, as evidenced by increased beam performance latency, bradykinesia, and a lower traction score. Significant (p < 0.05) increase in MDA level and decrease in SOD, CAT, and GSH were also observed. A significant (p < 0.05) increase was observed in IL-1β and TNF-α levels, and a decrease (p < 0.05) was observed in mitochondrial complex 1 activity, BDNF and dopamine levels. Nigral histological distortions were observed following MPTP exposure. These findings confirm the established alterations in neurobehavioral, physiological and morphological features in the substantia nigra of MPTP-exposed Swiss mice. The study assesses early nigral alterations after subacute MPTP exposure and supports the use of this model for investigating MPTP-induced neurotoxicity."
42466852,Gut microbiota-nanoparticle interactions in Parkinson's disease: mechanistic insights and therapeutic perspective.,Leila Kafshdooz; Reza Safaralizadeh,"Artificial cells, nanomedicine, and biotechnology",2026,2026,"This review introduces the 'nanomaterial-microbiome-brain interface' as a conceptual framework uniting three systems: gut microbiota, nanoparticles, and neurodegeneration. We synthesize evidence showing that titanium dioxide, silver, and zinc oxide nanoparticles differentially alter microbial composition. These microbial shifts intersect with established gut-brain mechanisms, including short-chain fatty acid production and immune modulation, providing plausible pathways linking nanomaterial exposure to neurological outcomes. We propose the 'nanomaterial-microbiome-brain interface' as a novel conceptual framework with twofold relevance-serving both as a potential contributor to Parkinson's disease pathogenesis through unintentional environmental exposure, and as an underexplored avenue for therapeutic intervention. Critical knowledge gaps persist. Addressing these gaps will require integrated approaches that bridge nanomaterial research, microbiome science, and neurodegeneration studies."
42438679,Aperiodic EEG spectral features as consistent indicators of Parkinson's disease: a machine learning approach utilizing fitting oscillations and one-over-F decomposition.,Bihan Chi; Qing Wang,Cognitive neurodynamics,2026,2026,"A major challenge in Parkinson's disease (PD) research is the identification of non-invasive neurophysiological markers that can distinguish PD patients from healthy controls while providing interpretable information about cortical dysfunction. This study investigates whether aperiodic EEG spectral parameters extracted using Fitting Oscillations and One-Over-F decomposition can serve as candidate indicators for exploratory PD classification and medication-state analysis. Resting-state EEG data from 15 PD patients and 16 healthy controls were analyzed. For PD participants, both medicated and unmedicated recordings were considered. Periodic and aperiodic powers spectral densities were separated out, and channel-wise exponents and offsets were derived. A leakage-free machine-learning pipeline was implemented using stratified subject-grouped tenfold cross-validation, in which normalization and hybrid t-test, MRMR, and ReliefF feature selection were performed strictly within each training fold. The Random Forest classifier achieved the best performance, with an accuracy of 0.843 ± 0.188, a pooled out-of-fold accuracy of 0.848, and a pooled AUC of 0.811. Permutation testing indicated that the observed performance exceeded chance-level classification. FDR-corrected statistical analysis showed significant group-level differences in global exponent and offset, with regional effects mainly involving frontal, temporal, and central areas. Medication-state analysis suggested that the global exponent was sensitive to dopaminergic state, whereas offset effects were weaker. Overall, the findings suggest that aperiodic EEG parameters may provide interpretable candidate markers for PD-related cortical alterations. However, due to the limited public dataset size and lack of external validation, the results should be considered exploratory and require confirmation in larger independent cohorts."
42437012,Taurochenodeoxycholic acid alleviates MPP<sup>+</sup>/MPTP-induced neurotoxicity in vitro and in vivo by suppressing ferroptosis via TGR5/cGAS/STING signaling pathway.,Lupeng Wang; Ying Ni; Xuefang Wang; Yanni Ma; Yanli Chang; Ling Chen; Liqin Yu; Zhiyong He; Feifei Li,IBRO neuroscience reports,2026,2026,"Parkinson's disease (PD) is characterized by progressive loss of dopaminergic neurons in the substantia nigra, with ferroptosis emerging as critical pathogenic mechanisms. Recent evidence suggests that STING activation can induce neuronal ferroptosis through autophagic degradation of GPX4. Taurochenodeoxycholic acid (TCDCA), a naturally occurring bile acid, has demonstrated neuroprotective properties through activation of Takeda G protein-coupled receptor 5 (TGR5). However, whether TCDCA can improve PD by modulating the cGAS-STING-ferroptosis axis remains unexplored. We investigated the effects of TCDCA treatment on motor function, dopaminergic neuronal survival, oxidative stress markers, ferroptosis-related proteins (GPX4, SLC7A11, ACSL4), and cGAS-STING signaling components in the substantia nigra of male mice subjected to 1-methyl-4-phenyl-1,2,3,6-tetrahydropyridine (MPTP) administration and in MPP⁺-treated SH-SY5Y cells. Behavioral assessments demonstrated that TCDCA significantly improved motor dysfunction in both open field and pole tests. TCDCA treatment markedly increased tyrosine hydroxylase-positive neurons and reduced oxidative stress markers including malondialdehyde and ferrous iron levels while restoring superoxide dismutase activity and glutathione content in the substantia nigra. Results showed that TCDCA upregulated TGR5 expression and concurrently suppressed cGAS and STING activation in both in vivo and in vitro PD models. Importantly, TCDCA treatment significantly enhanced the expression of anti-ferroptotic proteins GPX4 and SLC7A11 while reducing pro-ferroptotic ACSL4. These neuroprotective effects were associated with TGR5 upregulation and cGAS-STING pathway suppression. Our findings demonstrate that TCDCA alleviates PD-related neurodegeneration by inhibiting cGAS-STING-mediated ferroptosis through TGR5 activation, suggesting that TCDCA holds promise as a candidate drug for the treatment of PD."
42381885,Altered static and dynamic functional network connectivity in Parkinson's disease: A multisite functional magnetic resonance imaging study.,Bin Qin; Yumin Liang; Huixun Qin; Guangsu Huang; Shusheng Liao; Wen Gao,IBRO neuroscience reports,2026,2026,"Aberrant static functional network connectivity (sFNC) and dynamic functional network connectivity (dFNC) have been inconsistently reported in Parkinson's disease (PD), reflecting the limitations of single-site studies with restricted sample sizes. To address these limitations, we leveraged pooled resting-state functional magnetic resonance imaging (rs-fMRI) data from a multisite study to explore FNC differences in PD. Data from 160 patients with PD and 75 age matched and sex-matched healthy controls (HCs) were collected from four repositories (PPMI, OpenfMRI, FCP/INDI). Independent component analysis combined with sliding-window and k-means clustering approach was applied to examine the FNC among seven resting-state networks: sensorimotor network (SMN), auditory network (AN), visual network (VN), cognitive control network (CCN), default mode network (DMN), subcortical network (SC), and cerebellar network (CB). The FNC and dynamic indices (fraction time, mean dwell time, transition number) were calculated. Static and dynamic measures were compared between the two groups. For sFNC, the PD group exhibited predominantly decreased connectivity between the VN and CCN/AN/SMN, and between the AN and SMN; alongside increased connectivity between the AN and SC/CB. For dFNC, four distinct recurrent states were identified. Significant group differences emerged in states 1, 3, and 4, characterized by widespread abnormalities in both intra- and inter-network connectivity (e.g., DMN, CCN, SC, CB, and sensory networks). Temporally, PD patients demonstrated altered dynamics, including reduced mean dwell time and fractional time in state 4, while showing increased mean dwell time in state 1 and fractional time in states 1 and 3. These multisite rs-fMRI findings demonstrate that PD is characterized by complex patterns of connectivity disruption and inflexible temporal network reconfigurations. Notably, dFNC metrics revealed extensive connectivity reductions that were not apparent in static analysis, highlighting their superior sensitivity and potential utility as biomarkers for tracking disease progression and therapeutic response."
42370027,Focused ultrasound-mediated blood-brain barrier opening enhances delivery of Rg3 ginseng nanoparticles in a Parkinson's disease mouse model.,Cynthia Imtiaz; Changsoo Kim; Dong-Guk Paeng,International journal of pharmaceutics: X,2026,2026,"The blood-brain barrier (BBB) severely restricts the delivery of neuroprotective compounds to the brain, limiting therapeutic strategies for Parkinson's disease (PD). Ginsenoside Rg3, a bioactive component of ginseng, has demonstrated neuroprotective potential, but its efficacy is constrained by poor BBB permeability. Here, we evaluated focused ultrasound (FUS)-mediated BBB opening (FUS BBBO) to enhance delivery of Rg3-loaded nanoparticles in a rotenone-induced mouse model of PD. Localized FUS sonications were applied to induce transient BBB disruption, followed by intraperitoneal administration of FITC-labeled Rg3 nanoparticles. In vivo and Ex vivo fluorescence imaging confirmed a significant increase in brain accumulation of nanoparticles after FUS BBBO. While Rg3 nanoparticle treatment alone showed moderate increases in ATP levels and Complex I activity, FUS alone produced comparable trends with slightly higher recovery. The combination treatment with FUS-mediated BBBO demonstrated higher mean values (ATP: 0.27 ± 0.06; Complex I: 1.98 ± 0.41) compared to the PD group, along with improvements in motor performance. These findings suggest that FUS-BBBO may enhance the delivery of Rg3 nanoparticles to the brain and support mitochondrial function. Overall, the combination approach showed a trend toward improved outcomes; however, further studies are required to confirm these effects and establish therapeutic potential for solid statistical analysis."
42368834,HF-SNVTA-FusionNet: high-frequency multi-domain EEG feature fusion from the substantia nigra and ventral tegmental area for Parkinson's disease classification.,Kaushal Kumar; Abhaya,Cognitive neurodynamics,2026,2026,"Parkinson's disease (PD) is a progressive neurodegenerative disorder that severely affects motor and cognitive functions, making early and accurate diagnosis crucial for effective clinical management. This research introduces the high-frequency substantia nigra and ventral tegmental area fusion network (HF-SNVTA-FusionNet), a robust EEG-based PD detection framework. The system employs independent component analysis (ICA) for artifact removal, multi-domain feature extraction (time, frequency, and time-frequency), and principal component analysis (PCA) for dimensionality reduction, followed by a CNN-BiGRU-multi-head self-attention (MHSA) classification pipeline. Specifically, CNN captures local spatial patterns, BiGRU models bidirectional temporal dependencies, and MHSA refines salient features, enabling improved discrimination between PD and healthy EEG signals. Experiments on three benchmark datasets (UI, PDG, and USDRS) demonstrate superior performance, achieving accuracies of 100%, 98.89%, and 98.15% within the 50-70 Hz band using 64 PCA features. Comparative evaluation confirms its advantage over existing state-of-the-art models. The proposed system holds strong potential for real-world PD screening and can be extended to cognitive task-based EEG analysis and low-power hardware deployment."
42330585,Nanozyme-augmented clinical drug strategy for dopaminergic restoration and oxidative stress mitigation to rescue motor and cognitive deficits in Parkinson's disease.,Yinyao Feng; Chen Chen; Jiawei Sun; Luyao Zhang; Ying Wang; Wei Dai; Bin Mei; Dijia Wang; Gaolin Qiu; Peng Wang; Xin Qing; Zhilai Yang; Jiqian Zhang; Xuesheng Liu; Hu Liu,Biomaterials,2026,2026,"Current treatments for Parkinson's disease (PD) fail to halt dopaminergic neurodegeneration and remain largely ineffective against cognitive impairment. Here, we developed IP@ALipo, a nanoplatform that co-delivers the clinical drug pramipexole (PPX) and PEGylated iron oxide nanozyme particles (PEG-IO) via Angiopep-2-modified liposomes capable of crossing the blood-brain barrier (BBB). In the PD mouse model, in vivo photometry showed that a single dose of IP@ALipo significantly enhanced dopaminergic signaling from the substantia nigra pars compacta (SNc) to the striatum (STr) via its PPX component. Facilitated by PEG-IO in IP@ALipo, repeated administration further suppressed cerebral ROS and promoted sustained dopaminergic recovery, resulting in improved motor function. Importantly, the PEG-IO component also preserved hippocampal neurons and restored synaptic architecture, yielding pronounced cognitive benefits. This study demonstrates a nanozyme-augmented strategy for clinical drugs that not only sustains nigrostriatal dopaminergic recovery but also provides cognitive improvements beyond conventional Parkinson's treatments, offering a comprehensive therapeutic approach."
